Copyright 1986-2022 Xilinx, Inc. All Rights Reserved. Copyright 2022-2024 Advanced Micro Devices, Inc. All Rights Reserved.
---------------------------------------------------------------------------------------------------------------------------------------------
| Tool Version : Vivado v.2024.2 (win64) Build 5239630 Fri Nov 08 22:35:27 MST 2024
| Date         : Fri Nov 21 17:20:22 2025
| Host         : aqut-13 running 64-bit major release  (build 9200)
| Command      : report_timing_summary -file out/post_place_timing_summary.rpt
| Design       : red_pitaya_top
| Device       : 7z010-clg400
| Speed File   : -1  PRODUCTION 1.12 2019-11-22
| Design State : Physopt postPlace
---------------------------------------------------------------------------------------------------------------------------------------------

Timing Summary Report

------------------------------------------------------------------------------------------------
| Timer Settings
| --------------
------------------------------------------------------------------------------------------------

  Enable Multi Corner Analysis               :  Yes
  Enable Pessimism Removal                   :  Yes
  Pessimism Removal Resolution               :  Nearest Common Node
  Enable Input Delay Default Clock           :  No
  Enable Preset / Clear Arcs                 :  No
  Disable Flight Delays                      :  No
  Ignore I/O Paths                           :  No
  Timing Early Launch at Borrowing Latches   :  No
  Borrow Time for Max Delay Exceptions       :  Yes
  Merge Timing Exceptions                    :  Yes
  Inter-SLR Compensation                     :  Conservative

  Corner  Analyze    Analyze    
  Name    Max Paths  Min Paths  
  ------  ---------  ---------  
  Slow    Yes        Yes        
  Fast    Yes        Yes        


------------------------------------------------------------------------------------------------
| Report Methodology
| ------------------
------------------------------------------------------------------------------------------------

No report available as report_methodology has not been run prior. Run report_methodology on the current design for the summary of methodology violations.



check_timing report

Table of Contents
-----------------
1. checking no_clock (1)
2. checking constant_clock (0)
3. checking pulse_width_clock (0)
4. checking unconstrained_internal_endpoints (2)
5. checking no_input_delay (16)
6. checking no_output_delay (46)
7. checking multiple_clock (0)
8. checking generated_clocks (0)
9. checking loops (0)
10. checking partial_input_delay (0)
11. checking partial_output_delay (0)
12. checking latch_loops (0)

1. checking no_clock (1)
------------------------
 There is 1 register/latch pin with no clock driven by root clock pin: i_hk/dna_clk_reg/Q (HIGH)


2. checking constant_clock (0)
------------------------------
 There are 0 register/latch pins with constant_clock.


3. checking pulse_width_clock (0)
---------------------------------
 There are 0 register/latch pins which need pulse_width check


4. checking unconstrained_internal_endpoints (2)
------------------------------------------------
 There are 2 pins that are not constrained for maximum delay. (HIGH)

 There are 0 pins that are not constrained for maximum delay due to constant clock.


5. checking no_input_delay (16)
-------------------------------
 There are 16 input ports with no input delay specified. (HIGH)

 There are 0 input ports with no input delay but user has a false path constraint.


6. checking no_output_delay (46)
--------------------------------
 There are 46 ports with no output delay specified. (HIGH)

 There are 0 ports with no output delay but user has a false path constraint

 There are 0 ports with no output delay but with a timing clock defined on it or propagating through it


7. checking multiple_clock (0)
------------------------------
 There are 0 register/latch pins with multiple clocks.


8. checking generated_clocks (0)
--------------------------------
 There are 0 generated clocks that are not connected to a clock source.


9. checking loops (0)
---------------------
 There are 0 combinational loops in the design.


10. checking partial_input_delay (0)
------------------------------------
 There are 0 input ports with partial input delay specified.


11. checking partial_output_delay (0)
-------------------------------------
 There are 0 ports with partial output delay specified.


12. checking latch_loops (0)
----------------------------
 There are 0 combinational latch loops in the design through latch input



------------------------------------------------------------------------------------------------
| Design Timing Summary
| ---------------------
------------------------------------------------------------------------------------------------

    WNS(ns)      TNS(ns)  TNS Failing Endpoints  TNS Total Endpoints      WHS(ns)      THS(ns)  THS Failing Endpoints  THS Total Endpoints     WPWS(ns)     TPWS(ns)  TPWS Failing Endpoints  TPWS Total Endpoints  
    -------      -------  ---------------------  -------------------      -------      -------  ---------------------  -------------------     --------     --------  ----------------------  --------------------  
     -4.601    -1293.255                   1170                25267       -1.762      -63.638                    133                25267        1.000        0.000                       0                  9190  


Timing constraints are not met.


------------------------------------------------------------------------------------------------
| Clock Summary
| -------------
------------------------------------------------------------------------------------------------

Clock             Waveform(ns)         Period(ns)      Frequency(MHz)
-----             ------------         ----------      --------------
adc_clk           {0.000 4.000}        8.000           125.000         
  clk_fb          {0.000 4.000}        8.000           125.000         
  pll_adc_clk     {0.000 4.000}        8.000           125.000         
  pll_dac_clk_1x  {0.000 4.000}        8.000           125.000         
  pll_dac_clk_2p  {-0.500 1.500}       4.000           250.000         
  pll_dac_clk_2x  {0.000 2.000}        4.000           250.000         
  pll_pwm_clk     {0.000 2.000}        4.000           250.000         
clk_fpga_0        {0.000 4.000}        8.000           125.000         
clk_fpga_1        {0.000 2.000}        4.000           250.000         
clk_fpga_2        {0.000 10.000}       20.000          50.000          
clk_fpga_3        {0.000 2.500}        5.000           200.000         
rx_clk            {0.000 2.000}        4.000           250.000         


------------------------------------------------------------------------------------------------
| Intra Clock Table
| -----------------
------------------------------------------------------------------------------------------------

Clock                 WNS(ns)      TNS(ns)  TNS Failing Endpoints  TNS Total Endpoints      WHS(ns)      THS(ns)  THS Failing Endpoints  THS Total Endpoints     WPWS(ns)     TPWS(ns)  TPWS Failing Endpoints  TPWS Total Endpoints  
-----                 -------      -------  ---------------------  -------------------      -------      -------  ---------------------  -------------------     --------     --------  ----------------------  --------------------  
adc_clk                                                                                                                                                             2.000        0.000                       0                     1  
  clk_fb                                                                                                                                                            6.751        0.000                       0                     2  
  pll_adc_clk          -4.601    -1010.072                   1034                22747       -0.038       -0.161                      9                22747        3.500        0.000                       0                  8034  
  pll_dac_clk_1x        1.154        0.000                      0                   45       -0.117       -0.287                      6                   45        3.500        0.000                       0                    47  
  pll_dac_clk_2p                                                                                                                                                    1.845        0.000                       0                     3  
  pll_dac_clk_2x                                                                                                                                                    1.845        0.000                       0                     3  
  pll_pwm_clk          -1.015      -39.810                    104                  708        0.208        0.000                      0                  708        1.500        0.000                       0                   349  
clk_fpga_3              0.041        0.000                      0                 1679        0.081        0.000                      0                 1679        1.000        0.000                       0                   751  


------------------------------------------------------------------------------------------------
| Inter Clock Table
| -----------------
------------------------------------------------------------------------------------------------

From Clock      To Clock            WNS(ns)      TNS(ns)  TNS Failing Endpoints  TNS Total Endpoints      WHS(ns)      THS(ns)  THS Failing Endpoints  THS Total Endpoints  
----------      --------            -------      -------  ---------------------  -------------------      -------      -------  ---------------------  -------------------  
adc_clk         pll_adc_clk           6.064        0.000                      0                   28       -1.762      -47.627                     28                   28  
pll_pwm_clk     pll_adc_clk           2.051        0.000                      0                    4       -0.104       -0.261                      4                    4  
pll_adc_clk     pll_dac_clk_1x        3.343        0.000                      0                   28        0.262        0.000                      0                   28  
pll_adc_clk     pll_pwm_clk          -2.383     -282.589                    132                  408       -0.335      -15.302                     86                  408  


------------------------------------------------------------------------------------------------
| Other Path Groups Table
| -----------------------
------------------------------------------------------------------------------------------------

Path Group    From Clock    To Clock          WNS(ns)      TNS(ns)  TNS Failing Endpoints  TNS Total Endpoints      WHS(ns)      THS(ns)  THS Failing Endpoints  THS Total Endpoints  
----------    ----------    --------          -------      -------  ---------------------  -------------------      -------      -------  ---------------------  -------------------  


------------------------------------------------------------------------------------------------
| Timing Details
| --------------
------------------------------------------------------------------------------------------------


---------------------------------------------------------------------------------------------------
From Clock:  adc_clk
  To Clock:  adc_clk

Setup :           NA  Failing Endpoints,  Worst Slack           NA  ,  Total Violation           NA
Hold  :           NA  Failing Endpoints,  Worst Slack           NA  ,  Total Violation           NA
PW    :            0  Failing Endpoints,  Worst Slack        2.000ns,  Total Violation        0.000ns
---------------------------------------------------------------------------------------------------


Pulse Width Checks
--------------------------------------------------------------------------------------
Clock Name:         adc_clk
Waveform(ns):       { 0.000 4.000 }
Period(ns):         8.000
Sources:            { adc_clk_p_i }

Check Type        Corner  Lib Pin           Reference Pin  Required(ns)  Actual(ns)  Slack(ns)  Location        Pin
Min Period        n/a     PLLE2_ADV/CLKIN1  n/a            1.249         8.000       6.751      PLLE2_ADV_X0Y0  pll/pll/CLKIN1
Max Period        n/a     PLLE2_ADV/CLKIN1  n/a            52.633        8.000       44.633     PLLE2_ADV_X0Y0  pll/pll/CLKIN1
Low Pulse Width   Slow    PLLE2_ADV/CLKIN1  n/a            2.000         4.000       2.000      PLLE2_ADV_X0Y0  pll/pll/CLKIN1
High Pulse Width  Slow    PLLE2_ADV/CLKIN1  n/a            2.000         4.000       2.000      PLLE2_ADV_X0Y0  pll/pll/CLKIN1



---------------------------------------------------------------------------------------------------
From Clock:  clk_fb
  To Clock:  clk_fb

Setup :           NA  Failing Endpoints,  Worst Slack           NA  ,  Total Violation           NA
Hold  :           NA  Failing Endpoints,  Worst Slack           NA  ,  Total Violation           NA
PW    :            0  Failing Endpoints,  Worst Slack        6.751ns,  Total Violation        0.000ns
---------------------------------------------------------------------------------------------------


Pulse Width Checks
--------------------------------------------------------------------------------------
Clock Name:         clk_fb
Waveform(ns):       { 0.000 4.000 }
Period(ns):         8.000
Sources:            { pll/pll/CLKFBOUT }

Check Type  Corner  Lib Pin             Reference Pin  Required(ns)  Actual(ns)  Slack(ns)  Location        Pin
Min Period  n/a     PLLE2_ADV/CLKFBOUT  n/a            1.249         8.000       6.751      PLLE2_ADV_X0Y0  pll/pll/CLKFBOUT
Max Period  n/a     PLLE2_ADV/CLKFBIN   n/a            52.633        8.000       44.633     PLLE2_ADV_X0Y0  pll/pll/CLKFBIN



---------------------------------------------------------------------------------------------------
From Clock:  pll_adc_clk
  To Clock:  pll_adc_clk

Setup :         1034  Failing Endpoints,  Worst Slack       -4.601ns,  Total Violation    -1010.072ns
Hold  :            9  Failing Endpoints,  Worst Slack       -0.038ns,  Total Violation       -0.161ns
PW    :            0  Failing Endpoints,  Worst Slack        3.500ns,  Total Violation        0.000ns
---------------------------------------------------------------------------------------------------


Max Delay Paths
--------------------------------------------------------------------------------------
Slack (VIOLATED) :        -4.601ns  (required time - arrival time)
  Source:                 i_dsp/genblk3[4].iir/y1a_reg[12]/C
                            (rising edge-triggered cell FDRE clocked by pll_adc_clk  {rise@0.000ns fall@4.000ns period=8.000ns})
  Destination:            i_dsp/genblk3[4].iir/p_ay1_reg[8]/D
                            (rising edge-triggered cell FDRE clocked by pll_adc_clk  {rise@0.000ns fall@4.000ns period=8.000ns})
  Path Group:             pll_adc_clk
  Path Type:              Setup (Max at Slow Process Corner)
  Requirement:            8.000ns  (pll_adc_clk rise@8.000ns - pll_adc_clk rise@0.000ns)
  Data Path Delay:        12.489ns  (logic 9.483ns (75.931%)  route 3.006ns (24.069%))
  Logic Levels:           17  (CARRY4=13 DSP48E1=2 LUT2=1 LUT5=1)
  Clock Path Skew:        -0.072ns (DCD - SCD + CPR)
    Destination Clock Delay (DCD):    5.514ns = ( 13.514 - 8.000 ) 
    Source Clock Delay      (SCD):    5.912ns
    Clock Pessimism Removal (CPR):    0.326ns
  Clock Uncertainty:      0.069ns  ((TSJ^2 + DJ^2)^1/2) / 2 + PE
    Total System Jitter     (TSJ):    0.071ns
    Discrete Jitter          (DJ):    0.118ns
    Phase Error              (PE):    0.000ns

    Location             Delay type                Incr(ns)  Path(ns)    Netlist Resource(s)
  -------------------------------------------------------------------    -------------------
                         (clock pll_adc_clk rise edge)
                                                      0.000     0.000 r  
    U18                                               0.000     0.000 r  adc_clk_p_i (IN)
                         net (fo=0)                   0.000     0.000    adc_clk_p_i
    U18                  IBUFDS (Prop_ibufds_I_O)     0.983     0.983 r  i_clk/O
                         net (fo=1, estimated)        1.306     2.289    pll/clk
    PLLE2_ADV_X0Y0       PLLE2_ADV (Prop_plle2_adv_CLKIN1_CLKOUT0)
                                                      0.089     2.378 r  pll/pll/CLKOUT0
                         net (fo=1, estimated)        1.754     4.132    pll_adc_clk
    BUFGCTRL_X0Y0        BUFG (Prop_bufg_I_O)         0.101     4.233 r  bufg_adc_clk/O
                         net (fo=8035, estimated)     1.679     5.912    i_dsp/genblk3[4].iir/clk_i
    SLICE_X10Y14         FDRE                                         r  i_dsp/genblk3[4].iir/y1a_reg[12]/C
  -------------------------------------------------------------------    -------------------
    SLICE_X10Y14         FDRE (Prop_fdre_C_Q)         0.518     6.430 r  i_dsp/genblk3[4].iir/y1a_reg[12]/Q
                         net (fo=1, estimated)        0.402     6.832    i_dsp/genblk3[4].iir/p_ay1_module/factor1_i[12]
    DSP48_X0Y4           DSP48E1 (Prop_dsp48e1_A[12]_PCOUT[47])
                                                      4.036    10.868 r  i_dsp/genblk3[4].iir/p_ay1_module/product0__1/PCOUT[47]
                         net (fo=1, estimated)        0.000    10.868    i_dsp/genblk3[4].iir/p_ay1_module/product0__1_n_106
    DSP48_X0Y5           DSP48E1 (Prop_dsp48e1_PCIN[47]_P[0])
                                                      1.518    12.386 r  i_dsp/genblk3[4].iir/p_ay1_module/product0__2/P[0]
                         net (fo=2, estimated)        1.146    13.532    i_dsp/genblk3[4].iir/p_ay1_module/product0__2_n_105
    SLICE_X16Y8          LUT2 (Prop_lut2_I0_O)        0.124    13.656 r  i_dsp/genblk3[4].iir/p_ay1_module/product_o[1]_INST_0_i_16/O
                         net (fo=1, routed)           0.000    13.656    i_dsp/genblk3[4].iir/p_ay1_module/product_o[1]_INST_0_i_16_n_0
    SLICE_X16Y8          CARRY4 (Prop_carry4_S[1]_CO[3])
                                                      0.533    14.189 r  i_dsp/genblk3[4].iir/p_ay1_module/product_o[1]_INST_0_i_9/CO[3]
                         net (fo=1, estimated)        0.000    14.189    i_dsp/genblk3[4].iir/p_ay1_module/product_o[1]_INST_0_i_9_n_0
    SLICE_X16Y9          CARRY4 (Prop_carry4_CI_CO[3])
                                                      0.117    14.306 r  i_dsp/genblk3[4].iir/p_ay1_module/product_o[1]_INST_0_i_4/CO[3]
                         net (fo=1, estimated)        0.000    14.306    i_dsp/genblk3[4].iir/p_ay1_module/product_o[1]_INST_0_i_4_n_0
    SLICE_X16Y10         CARRY4 (Prop_carry4_CI_CO[3])
                                                      0.117    14.423 r  i_dsp/genblk3[4].iir/p_ay1_module/product_o[1]_INST_0_i_3/CO[3]
                         net (fo=1, estimated)        0.000    14.423    i_dsp/genblk3[4].iir/p_ay1_module/product_o[1]_INST_0_i_3_n_0
    SLICE_X16Y11         CARRY4 (Prop_carry4_CI_CO[3])
                                                      0.117    14.540 r  i_dsp/genblk3[4].iir/p_ay1_module/product_o[5]_INST_0_i_2/CO[3]
                         net (fo=1, estimated)        0.000    14.540    i_dsp/genblk3[4].iir/p_ay1_module/product_o[5]_INST_0_i_2_n_0
    SLICE_X16Y12         CARRY4 (Prop_carry4_CI_CO[3])
                                                      0.117    14.657 r  i_dsp/genblk3[4].iir/p_ay1_module/product_o[9]_INST_0_i_2/CO[3]
                         net (fo=1, estimated)        0.000    14.657    i_dsp/genblk3[4].iir/p_ay1_module/product_o[9]_INST_0_i_2_n_0
    SLICE_X16Y13         CARRY4 (Prop_carry4_CI_CO[3])
                                                      0.117    14.774 r  i_dsp/genblk3[4].iir/p_ay1_module/product_o[13]_INST_0_i_2/CO[3]
                         net (fo=1, estimated)        0.000    14.774    i_dsp/genblk3[4].iir/p_ay1_module/product_o[13]_INST_0_i_2_n_0
    SLICE_X16Y14         CARRY4 (Prop_carry4_CI_CO[3])
                                                      0.117    14.891 r  i_dsp/genblk3[4].iir/p_ay1_module/product_o[17]_INST_0_i_2/CO[3]
                         net (fo=1, estimated)        0.000    14.891    i_dsp/genblk3[4].iir/p_ay1_module/product_o[17]_INST_0_i_2_n_0
    SLICE_X16Y15         CARRY4 (Prop_carry4_CI_CO[3])
                                                      0.117    15.008 r  i_dsp/genblk3[4].iir/p_ay1_module/product_o[21]_INST_0_i_2/CO[3]
                         net (fo=1, estimated)        0.000    15.008    i_dsp/genblk3[4].iir/p_ay1_module/product_o[21]_INST_0_i_2_n_0
    SLICE_X16Y16         CARRY4 (Prop_carry4_CI_CO[3])
                                                      0.117    15.125 r  i_dsp/genblk3[4].iir/p_ay1_module/product_o[25]_INST_0_i_2/CO[3]
                         net (fo=1, estimated)        0.000    15.125    i_dsp/genblk3[4].iir/p_ay1_module/product_o[25]_INST_0_i_2_n_0
    SLICE_X16Y17         CARRY4 (Prop_carry4_CI_CO[3])
                                                      0.117    15.242 r  i_dsp/genblk3[4].iir/p_ay1_module/product_o[29]_INST_0_i_2/CO[3]
                         net (fo=1, estimated)        0.000    15.242    i_dsp/genblk3[4].iir/p_ay1_module/product_o[29]_INST_0_i_2_n_0
    SLICE_X16Y18         CARRY4 (Prop_carry4_CI_O[0])
                                                      0.219    15.461 r  i_dsp/genblk3[4].iir/p_ay1_module/product_o[30]_INST_0_i_2/O[0]
                         net (fo=1, estimated)        0.600    16.061    i_dsp/genblk3[4].iir/p_ay1_module/product_o[30]_INST_0_i_2_n_7
    SLICE_X17Y18         CARRY4 (Prop_carry4_S[1]_CO[3])
                                                      0.845    16.906 r  i_dsp/genblk3[4].iir/p_ay1_module/product_o[29]_INST_0_i_1/CO[3]
                         net (fo=1, estimated)        0.000    16.906    i_dsp/genblk3[4].iir/p_ay1_module/product_o[29]_INST_0_i_1_n_0
    SLICE_X17Y19         CARRY4 (Prop_carry4_CI_O[1])
                                                      0.334    17.240 r  i_dsp/genblk3[4].iir/p_ay1_module/product_o[30]_INST_0_i_1/O[1]
                         net (fo=32, estimated)       0.858    18.098    i_dsp/genblk3[4].iir/p_ay1_module/p_0_in[0]
    SLICE_X18Y19         LUT5 (Prop_lut5_I2_O)        0.303    18.401 r  i_dsp/genblk3[4].iir/p_ay1_module/product_o[8]_INST_0/O
                         net (fo=1, routed)           0.000    18.401    i_dsp/genblk3[4].iir/p_ay1_full[8]
    SLICE_X18Y19         FDRE                                         r  i_dsp/genblk3[4].iir/p_ay1_reg[8]/D
  -------------------------------------------------------------------    -------------------

                         (clock pll_adc_clk rise edge)
                                                      8.000     8.000 r  
    U18                                               0.000     8.000 r  adc_clk_p_i (IN)
                         net (fo=0)                   0.000     8.000    adc_clk_p_i
    U18                  IBUFDS (Prop_ibufds_I_O)     0.940     8.940 r  i_clk/O
                         net (fo=1, estimated)        1.241    10.181    pll/clk
    PLLE2_ADV_X0Y0       PLLE2_ADV (Prop_plle2_adv_CLKIN1_CLKOUT0)
                                                      0.084    10.265 r  pll/pll/CLKOUT0
                         net (fo=1, estimated)        1.666    11.931    pll_adc_clk
    BUFGCTRL_X0Y0        BUFG (Prop_bufg_I_O)         0.091    12.022 r  bufg_adc_clk/O
                         net (fo=8035, estimated)     1.492    13.514    i_dsp/genblk3[4].iir/clk_i
    SLICE_X18Y19         FDRE                                         r  i_dsp/genblk3[4].iir/p_ay1_reg[8]/C
                         clock pessimism              0.326    13.840    
                         clock uncertainty           -0.069    13.771    
    SLICE_X18Y19         FDRE (Setup_fdre_C_D)        0.029    13.800    i_dsp/genblk3[4].iir/p_ay1_reg[8]
  -------------------------------------------------------------------
                         required time                         13.800    
                         arrival time                         -18.401    
  -------------------------------------------------------------------
                         slack                                 -4.601    





Min Delay Paths
--------------------------------------------------------------------------------------
Slack (VIOLATED) :        -0.038ns  (arrival time - required time)
  Source:                 i_dsp/presum2_reg[1][0]/C
                            (rising edge-triggered cell FDRE clocked by pll_adc_clk  {rise@0.000ns fall@4.000ns period=8.000ns})
  Destination:            i_dsp/presum2_reg[8][0]/D
                            (rising edge-triggered cell FDRE clocked by pll_adc_clk  {rise@0.000ns fall@4.000ns period=8.000ns})
  Path Group:             pll_adc_clk
  Path Type:              Hold (Min at Fast Process Corner)
  Requirement:            0.000ns  (pll_adc_clk rise@0.000ns - pll_adc_clk rise@0.000ns)
  Data Path Delay:        0.288ns  (logic 0.141ns (49.011%)  route 0.147ns (50.989%))
  Logic Levels:           0  
  Clock Path Skew:        0.266ns (DCD - SCD - CPR)
    Destination Clock Delay (DCD):    2.700ns
    Source Clock Delay      (SCD):    2.323ns
    Clock Pessimism Removal (CPR):    0.110ns

    Location             Delay type                Incr(ns)  Path(ns)    Netlist Resource(s)
  -------------------------------------------------------------------    -------------------
                         (clock pll_adc_clk rise edge)
                                                      0.000     0.000 r  
    U18                                               0.000     0.000 r  adc_clk_p_i (IN)
                         net (fo=0)                   0.000     0.000    adc_clk_p_i
    U18                  IBUFDS (Prop_ibufds_I_O)     0.401     0.401 r  i_clk/O
                         net (fo=1, estimated)        0.551     0.952    pll/clk
    PLLE2_ADV_X0Y0       PLLE2_ADV (Prop_plle2_adv_CLKIN1_CLKOUT0)
                                                      0.051     1.003 r  pll/pll/CLKOUT0
                         net (fo=1, estimated)        0.739     1.742    pll_adc_clk
    BUFGCTRL_X0Y0        BUFG (Prop_bufg_I_O)         0.026     1.768 r  bufg_adc_clk/O
                         net (fo=8035, estimated)     0.555     2.323    i_dsp/clk_i
    SLICE_X22Y55         FDRE                                         r  i_dsp/presum2_reg[1][0]/C
  -------------------------------------------------------------------    -------------------
    SLICE_X22Y55         FDRE (Prop_fdre_C_Q)         0.141     2.464 r  i_dsp/presum2_reg[1][0]/Q
                         net (fo=1, estimated)        0.147     2.611    i_dsp/presum2_reg[1][0]
    SLICE_X20Y55         FDRE                                         r  i_dsp/presum2_reg[8][0]/D
  -------------------------------------------------------------------    -------------------

                         (clock pll_adc_clk rise edge)
                                                      0.000     0.000 r  
    U18                                               0.000     0.000 r  adc_clk_p_i (IN)
                         net (fo=0)                   0.000     0.000    adc_clk_p_i
    U18                  IBUFDS (Prop_ibufds_I_O)     0.433     0.433 r  i_clk/O
                         net (fo=1, estimated)        0.579     1.012    pll/clk
    PLLE2_ADV_X0Y0       PLLE2_ADV (Prop_plle2_adv_CLKIN1_CLKOUT0)
                                                      0.054     1.066 r  pll/pll/CLKOUT0
                         net (fo=1, estimated)        0.778     1.845    pll_adc_clk
    BUFGCTRL_X0Y0        BUFG (Prop_bufg_I_O)         0.029     1.874 r  bufg_adc_clk/O
                         net (fo=8035, estimated)     0.826     2.700    i_dsp/clk_i
    SLICE_X20Y55         FDRE                                         r  i_dsp/presum2_reg[8][0]/C
                         clock pessimism             -0.110     2.589    
    SLICE_X20Y55         FDRE (Hold_fdre_C_D)         0.060     2.649    i_dsp/presum2_reg[8][0]
  -------------------------------------------------------------------
                         required time                         -2.649    
                         arrival time                           2.611    
  -------------------------------------------------------------------
                         slack                                 -0.038    





Pulse Width Checks
--------------------------------------------------------------------------------------
Clock Name:         pll_adc_clk
Waveform(ns):       { 0.000 4.000 }
Period(ns):         8.000
Sources:            { pll/pll/CLKOUT0 }

Check Type        Corner  Lib Pin            Reference Pin  Required(ns)  Actual(ns)  Slack(ns)  Location        Pin
Min Period        n/a     DSP48E1/CLK        n/a            3.884         8.000       4.116      DSP48_X1Y22     i_3fgen/component_gen_block[0].fm_dev_scaled_reg_reg[0]/CLK
Max Period        n/a     PLLE2_ADV/CLKOUT0  n/a            160.000       8.000       152.000    PLLE2_ADV_X0Y0  pll/pll/CLKOUT0
Low Pulse Width   Slow    FDRE/C             n/a            0.500         4.000       3.500      SLICE_X42Y54    adc_rstn_reg/C
High Pulse Width  Slow    FDRE/C             n/a            0.500         4.000       3.500      SLICE_X42Y54    adc_rstn_reg/C



---------------------------------------------------------------------------------------------------
From Clock:  pll_dac_clk_1x
  To Clock:  pll_dac_clk_1x

Setup :            0  Failing Endpoints,  Worst Slack        1.154ns,  Total Violation        0.000ns
Hold  :            6  Failing Endpoints,  Worst Slack       -0.117ns,  Total Violation       -0.287ns
PW    :            0  Failing Endpoints,  Worst Slack        3.500ns,  Total Violation        0.000ns
---------------------------------------------------------------------------------------------------


Max Delay Paths
--------------------------------------------------------------------------------------
Slack (MET) :             1.154ns  (required time - arrival time)
  Source:                 dac_rst_reg/C
                            (rising edge-triggered cell FDRE clocked by pll_dac_clk_1x  {rise@0.000ns fall@4.000ns period=8.000ns})
  Destination:            oddr_dac_dat[12]/R
                            (falling edge-triggered cell ODDR clocked by pll_dac_clk_1x  {rise@0.000ns fall@4.000ns period=8.000ns})
  Path Group:             pll_dac_clk_1x
  Path Type:              Setup (Max at Slow Process Corner)
  Requirement:            4.000ns  (pll_dac_clk_1x fall@4.000ns - pll_dac_clk_1x rise@0.000ns)
  Data Path Delay:        2.301ns  (logic 0.456ns (19.817%)  route 1.845ns (80.183%))
  Logic Levels:           0  
  Clock Path Skew:        0.322ns (DCD - SCD + CPR)
    Destination Clock Delay (DCD):    5.970ns = ( 9.970 - 4.000 ) 
    Source Clock Delay      (SCD):    5.974ns
    Clock Pessimism Removal (CPR):    0.326ns
  Clock Uncertainty:      0.069ns  ((TSJ^2 + DJ^2)^1/2) / 2 + PE
    Total System Jitter     (TSJ):    0.071ns
    Discrete Jitter          (DJ):    0.118ns
    Phase Error              (PE):    0.000ns

    Location             Delay type                Incr(ns)  Path(ns)    Netlist Resource(s)
  -------------------------------------------------------------------    -------------------
                         (clock pll_dac_clk_1x rise edge)
                                                      0.000     0.000 r  
    U18                                               0.000     0.000 r  adc_clk_p_i (IN)
                         net (fo=0)                   0.000     0.000    adc_clk_p_i
    U18                  IBUFDS (Prop_ibufds_I_O)     0.983     0.983 r  i_clk/O
                         net (fo=1, estimated)        1.306     2.289    pll/clk
    PLLE2_ADV_X0Y0       PLLE2_ADV (Prop_plle2_adv_CLKIN1_CLKOUT1)
                                                      0.089     2.378 r  pll/pll/CLKOUT1
                         net (fo=1, estimated)        1.754     4.132    pll_dac_clk_1x
    BUFGCTRL_X0Y2        BUFG (Prop_bufg_I_O)         0.101     4.233 r  bufg_dac_clk_1x/O
                         net (fo=45, estimated)       1.741     5.974    dac_clk_1x
    SLICE_X43Y52         FDRE                                         r  dac_rst_reg/C
  -------------------------------------------------------------------    -------------------
    SLICE_X43Y52         FDRE (Prop_fdre_C_Q)         0.456     6.430 r  dac_rst_reg/Q
                         net (fo=17, estimated)       1.845     8.275    dac_rst
    OLOGIC_X0Y91         ODDR                                         r  oddr_dac_dat[12]/R
  -------------------------------------------------------------------    -------------------

                         (clock pll_dac_clk_1x fall edge)
                                                      4.000     4.000 f  
    U18                                               0.000     4.000 f  adc_clk_p_i (IN)
                         net (fo=0)                   0.000     4.000    adc_clk_p_i
    U18                  IBUFDS (Prop_ibufds_I_O)     0.940     4.940 f  i_clk/O
                         net (fo=1, estimated)        1.241     6.181    pll/clk
    PLLE2_ADV_X0Y0       PLLE2_ADV (Prop_plle2_adv_CLKIN1_CLKOUT1)
                                                      0.084     6.265 f  pll/pll/CLKOUT1
                         net (fo=1, estimated)        1.666     7.931    pll_dac_clk_1x
    BUFGCTRL_X0Y2        BUFG (Prop_bufg_I_O)         0.091     8.022 f  bufg_dac_clk_1x/O
                         net (fo=45, estimated)       1.948     9.970    dac_clk_1x
    OLOGIC_X0Y91         ODDR                                         f  oddr_dac_dat[12]/C
                         clock pessimism              0.326    10.296    
                         clock uncertainty           -0.069    10.227    
    OLOGIC_X0Y91         ODDR (Setup_oddr_C_R)       -0.798     9.429    oddr_dac_dat[12]
  -------------------------------------------------------------------
                         required time                          9.429    
                         arrival time                          -8.275    
  -------------------------------------------------------------------
                         slack                                  1.154    





Min Delay Paths
--------------------------------------------------------------------------------------
Slack (VIOLATED) :        -0.117ns  (arrival time - required time)
  Source:                 dac_rst_reg/C
                            (rising edge-triggered cell FDRE clocked by pll_dac_clk_1x  {rise@0.000ns fall@4.000ns period=8.000ns})
  Destination:            oddr_dac_sel/R
                            (rising edge-triggered cell ODDR clocked by pll_dac_clk_1x  {rise@0.000ns fall@4.000ns period=8.000ns})
  Path Group:             pll_dac_clk_1x
  Path Type:              Hold (Min at Fast Process Corner)
  Requirement:            0.000ns  (pll_dac_clk_1x rise@0.000ns - pll_dac_clk_1x rise@0.000ns)
  Data Path Delay:        0.537ns  (logic 0.141ns (26.246%)  route 0.396ns (73.754%))
  Logic Levels:           0  
  Clock Path Skew:        0.178ns (DCD - SCD - CPR)
    Destination Clock Delay (DCD):    2.874ns
    Source Clock Delay      (SCD):    2.356ns
    Clock Pessimism Removal (CPR):    0.339ns

    Location             Delay type                Incr(ns)  Path(ns)    Netlist Resource(s)
  -------------------------------------------------------------------    -------------------
                         (clock pll_dac_clk_1x rise edge)
                                                      0.000     0.000 r  
    U18                                               0.000     0.000 r  adc_clk_p_i (IN)
                         net (fo=0)                   0.000     0.000    adc_clk_p_i
    U18                  IBUFDS (Prop_ibufds_I_O)     0.401     0.401 r  i_clk/O
                         net (fo=1, estimated)        0.551     0.952    pll/clk
    PLLE2_ADV_X0Y0       PLLE2_ADV (Prop_plle2_adv_CLKIN1_CLKOUT1)
                                                      0.051     1.003 r  pll/pll/CLKOUT1
                         net (fo=1, estimated)        0.739     1.742    pll_dac_clk_1x
    BUFGCTRL_X0Y2        BUFG (Prop_bufg_I_O)         0.026     1.768 r  bufg_dac_clk_1x/O
                         net (fo=45, estimated)       0.588     2.356    dac_clk_1x
    SLICE_X43Y52         FDRE                                         r  dac_rst_reg/C
  -------------------------------------------------------------------    -------------------
    SLICE_X43Y52         FDRE (Prop_fdre_C_Q)         0.141     2.497 r  dac_rst_reg/Q
                         net (fo=17, estimated)       0.396     2.894    dac_rst
    OLOGIC_X0Y57         ODDR                                         r  oddr_dac_sel/R
  -------------------------------------------------------------------    -------------------

                         (clock pll_dac_clk_1x rise edge)
                                                      0.000     0.000 r  
    U18                                               0.000     0.000 r  adc_clk_p_i (IN)
                         net (fo=0)                   0.000     0.000    adc_clk_p_i
    U18                  IBUFDS (Prop_ibufds_I_O)     0.433     0.433 r  i_clk/O
                         net (fo=1, estimated)        0.579     1.012    pll/clk
    PLLE2_ADV_X0Y0       PLLE2_ADV (Prop_plle2_adv_CLKIN1_CLKOUT1)
                                                      0.054     1.066 r  pll/pll/CLKOUT1
                         net (fo=1, estimated)        0.778     1.845    pll_dac_clk_1x
    BUFGCTRL_X0Y2        BUFG (Prop_bufg_I_O)         0.029     1.874 r  bufg_dac_clk_1x/O
                         net (fo=45, estimated)       1.000     2.874    dac_clk_1x
    OLOGIC_X0Y57         ODDR                                         r  oddr_dac_sel/C
                         clock pessimism             -0.339     2.534    
    OLOGIC_X0Y57         ODDR (Hold_oddr_C_R)         0.476     3.010    oddr_dac_sel
  -------------------------------------------------------------------
                         required time                         -3.010    
                         arrival time                           2.894    
  -------------------------------------------------------------------
                         slack                                 -0.117    





Pulse Width Checks
--------------------------------------------------------------------------------------
Clock Name:         pll_dac_clk_1x
Waveform(ns):       { 0.000 4.000 }
Period(ns):         8.000
Sources:            { pll/pll/CLKOUT1 }

Check Type        Corner  Lib Pin            Reference Pin  Required(ns)  Actual(ns)  Slack(ns)  Location        Pin
Min Period        n/a     BUFG/I             n/a            2.155         8.000       5.845      BUFGCTRL_X0Y2   bufg_dac_clk_1x/I
Max Period        n/a     PLLE2_ADV/CLKOUT1  n/a            160.000       8.000       152.000    PLLE2_ADV_X0Y0  pll/pll/CLKOUT1
Low Pulse Width   Slow    FDRE/C             n/a            0.500         4.000       3.500      SLICE_X43Y83    dac_dat_a_reg[0]/C
High Pulse Width  Slow    FDRE/C             n/a            0.500         4.000       3.500      SLICE_X43Y83    dac_dat_a_reg[0]/C



---------------------------------------------------------------------------------------------------
From Clock:  pll_dac_clk_2p
  To Clock:  pll_dac_clk_2p

Setup :           NA  Failing Endpoints,  Worst Slack           NA  ,  Total Violation           NA
Hold  :           NA  Failing Endpoints,  Worst Slack           NA  ,  Total Violation           NA
PW    :            0  Failing Endpoints,  Worst Slack        1.845ns,  Total Violation        0.000ns
---------------------------------------------------------------------------------------------------


Pulse Width Checks
--------------------------------------------------------------------------------------
Clock Name:         pll_dac_clk_2p
Waveform(ns):       { -0.500 1.500 }
Period(ns):         4.000
Sources:            { pll/pll/CLKOUT3 }

Check Type  Corner  Lib Pin            Reference Pin  Required(ns)  Actual(ns)  Slack(ns)  Location        Pin
Min Period  n/a     BUFG/I             n/a            2.155         4.000       1.845      BUFGCTRL_X0Y3   bufg_dac_clk_2p/I
Max Period  n/a     PLLE2_ADV/CLKOUT3  n/a            160.000       4.000       156.000    PLLE2_ADV_X0Y0  pll/pll/CLKOUT3



---------------------------------------------------------------------------------------------------
From Clock:  pll_dac_clk_2x
  To Clock:  pll_dac_clk_2x

Setup :           NA  Failing Endpoints,  Worst Slack           NA  ,  Total Violation           NA
Hold  :           NA  Failing Endpoints,  Worst Slack           NA  ,  Total Violation           NA
PW    :            0  Failing Endpoints,  Worst Slack        1.845ns,  Total Violation        0.000ns
---------------------------------------------------------------------------------------------------


Pulse Width Checks
--------------------------------------------------------------------------------------
Clock Name:         pll_dac_clk_2x
Waveform(ns):       { 0.000 2.000 }
Period(ns):         4.000
Sources:            { pll/pll/CLKOUT2 }

Check Type  Corner  Lib Pin            Reference Pin  Required(ns)  Actual(ns)  Slack(ns)  Location        Pin
Min Period  n/a     BUFG/I             n/a            2.155         4.000       1.845      BUFGCTRL_X0Y4   bufg_dac_clk_2x/I
Max Period  n/a     PLLE2_ADV/CLKOUT2  n/a            160.000       4.000       156.000    PLLE2_ADV_X0Y0  pll/pll/CLKOUT2



---------------------------------------------------------------------------------------------------
From Clock:  pll_pwm_clk
  To Clock:  pll_pwm_clk

Setup :          104  Failing Endpoints,  Worst Slack       -1.015ns,  Total Violation      -39.810ns
Hold  :            0  Failing Endpoints,  Worst Slack        0.208ns,  Total Violation        0.000ns
PW    :            0  Failing Endpoints,  Worst Slack        1.500ns,  Total Violation        0.000ns
---------------------------------------------------------------------------------------------------


Max Delay Paths
--------------------------------------------------------------------------------------
Slack (VIOLATED) :        -1.015ns  (required time - arrival time)
  Source:                 pwm_gen_inst[3].pwm_inst/div_counter_reg[3]/C
                            (rising edge-triggered cell FDRE clocked by pll_pwm_clk  {rise@0.000ns fall@2.000ns period=4.000ns})
  Destination:            pwm_gen_inst[3].pwm_inst/div_counter_reg[12]/R
                            (rising edge-triggered cell FDRE clocked by pll_pwm_clk  {rise@0.000ns fall@2.000ns period=4.000ns})
  Path Group:             pll_pwm_clk
  Path Type:              Setup (Max at Slow Process Corner)
  Requirement:            4.000ns  (pll_pwm_clk rise@4.000ns - pll_pwm_clk rise@0.000ns)
  Data Path Delay:        4.407ns  (logic 1.795ns (40.731%)  route 2.612ns (59.269%))
  Logic Levels:           6  (CARRY4=4 LUT2=1 LUT4=1)
  Clock Path Skew:        -0.021ns (DCD - SCD + CPR)
    Destination Clock Delay (DCD):    5.576ns = ( 9.576 - 4.000 ) 
    Source Clock Delay      (SCD):    5.959ns
    Clock Pessimism Removal (CPR):    0.362ns
  Clock Uncertainty:      0.063ns  ((TSJ^2 + DJ^2)^1/2) / 2 + PE
    Total System Jitter     (TSJ):    0.071ns
    Discrete Jitter          (DJ):    0.104ns
    Phase Error              (PE):    0.000ns

    Location             Delay type                Incr(ns)  Path(ns)    Netlist Resource(s)
  -------------------------------------------------------------------    -------------------
                         (clock pll_pwm_clk rise edge)
                                                      0.000     0.000 r  
    U18                                               0.000     0.000 r  adc_clk_p_i (IN)
                         net (fo=0)                   0.000     0.000    adc_clk_p_i
    U18                  IBUFDS (Prop_ibufds_I_O)     0.983     0.983 r  i_clk/O
                         net (fo=1, estimated)        1.306     2.289    pll/clk
    PLLE2_ADV_X0Y0       PLLE2_ADV (Prop_plle2_adv_CLKIN1_CLKOUT5)
                                                      0.089     2.378 r  pll/pll/CLKOUT5
                         net (fo=1, estimated)        1.754     4.132    pll_pwm_clk
    BUFGCTRL_X0Y5        BUFG (Prop_bufg_I_O)         0.101     4.233 r  bufg_pwm_clk/O
                         net (fo=347, estimated)      1.726     5.959    pwm_gen_inst[3].pwm_inst/clk
    SLICE_X38Y69         FDRE                                         r  pwm_gen_inst[3].pwm_inst/div_counter_reg[3]/C
  -------------------------------------------------------------------    -------------------
    SLICE_X38Y69         FDRE (Prop_fdre_C_Q)         0.478     6.437 r  pwm_gen_inst[3].pwm_inst/div_counter_reg[3]/Q
                         net (fo=3, estimated)        1.354     7.791    pwm_gen_inst[3].pwm_inst/div_counter_reg[3]
    SLICE_X37Y65         LUT4 (Prop_lut4_I1_O)        0.301     8.092 r  pwm_gen_inst[3].pwm_inst/div_counter[0]_i_54/O
                         net (fo=1, routed)           0.000     8.092    pwm_gen_inst[3].pwm_inst/div_counter[0]_i_54_n_0
    SLICE_X37Y65         CARRY4 (Prop_carry4_S[1]_CO[3])
                                                      0.550     8.642 r  pwm_gen_inst[3].pwm_inst/div_counter_reg[0]_i_26/CO[3]
                         net (fo=1, estimated)        0.000     8.642    pwm_gen_inst[3].pwm_inst/div_counter_reg[0]_i_26_n_0
    SLICE_X37Y66         CARRY4 (Prop_carry4_CI_CO[3])
                                                      0.114     8.756 r  pwm_gen_inst[3].pwm_inst/div_counter_reg[0]_i_14/CO[3]
                         net (fo=1, estimated)        0.000     8.756    pwm_gen_inst[3].pwm_inst/div_counter_reg[0]_i_14_n_0
    SLICE_X37Y67         CARRY4 (Prop_carry4_CI_CO[3])
                                                      0.114     8.870 r  pwm_gen_inst[3].pwm_inst/div_counter_reg[0]_i_5/CO[3]
                         net (fo=1, estimated)        0.000     8.870    pwm_gen_inst[3].pwm_inst/div_counter_reg[0]_i_5_n_0
    SLICE_X37Y68         CARRY4 (Prop_carry4_CI_CO[3])
                                                      0.114     8.984 r  pwm_gen_inst[3].pwm_inst/div_counter_reg[0]_i_3/CO[3]
                         net (fo=2, estimated)        0.560     9.544    pwm_gen_inst[3].pwm_inst/div_counter_reg[0]_i_3_n_0
    SLICE_X37Y69         LUT2 (Prop_lut2_I0_O)        0.124     9.668 r  pwm_gen_inst[3].pwm_inst/div_counter[0]_i_1/O
                         net (fo=32, estimated)       0.698    10.366    pwm_gen_inst[3].pwm_inst/div_counter[0]_i_1_n_0
    SLICE_X38Y66         FDRE                                         r  pwm_gen_inst[3].pwm_inst/div_counter_reg[12]/R
  -------------------------------------------------------------------    -------------------

                         (clock pll_pwm_clk rise edge)
                                                      4.000     4.000 r  
    U18                                               0.000     4.000 r  adc_clk_p_i (IN)
                         net (fo=0)                   0.000     4.000    adc_clk_p_i
    U18                  IBUFDS (Prop_ibufds_I_O)     0.940     4.940 r  i_clk/O
                         net (fo=1, estimated)        1.241     6.181    pll/clk
    PLLE2_ADV_X0Y0       PLLE2_ADV (Prop_plle2_adv_CLKIN1_CLKOUT5)
                                                      0.084     6.265 r  pll/pll/CLKOUT5
                         net (fo=1, estimated)        1.666     7.931    pll_pwm_clk
    BUFGCTRL_X0Y5        BUFG (Prop_bufg_I_O)         0.091     8.022 r  bufg_pwm_clk/O
                         net (fo=347, estimated)      1.554     9.576    pwm_gen_inst[3].pwm_inst/clk
    SLICE_X38Y66         FDRE                                         r  pwm_gen_inst[3].pwm_inst/div_counter_reg[12]/C
                         clock pessimism              0.362     9.938    
                         clock uncertainty           -0.063     9.875    
    SLICE_X38Y66         FDRE (Setup_fdre_C_R)       -0.524     9.351    pwm_gen_inst[3].pwm_inst/div_counter_reg[12]
  -------------------------------------------------------------------
                         required time                          9.351    
                         arrival time                         -10.366    
  -------------------------------------------------------------------
                         slack                                 -1.015    





Min Delay Paths
--------------------------------------------------------------------------------------
Slack (MET) :             0.208ns  (arrival time - required time)
  Source:                 pwm_gen_inst[0].pwm_inst/v_reg[4]/C
                            (rising edge-triggered cell FDRE clocked by pll_pwm_clk  {rise@0.000ns fall@2.000ns period=4.000ns})
  Destination:            pwm_gen_inst[0].pwm_inst/v_r_reg[4]/D
                            (rising edge-triggered cell FDRE clocked by pll_pwm_clk  {rise@0.000ns fall@2.000ns period=4.000ns})
  Path Group:             pll_pwm_clk
  Path Type:              Hold (Min at Fast Process Corner)
  Requirement:            0.000ns  (pll_pwm_clk rise@0.000ns - pll_pwm_clk rise@0.000ns)
  Data Path Delay:        0.314ns  (logic 0.186ns (59.209%)  route 0.128ns (40.791%))
  Logic Levels:           1  (LUT6=1)
  Clock Path Skew:        0.014ns (DCD - SCD - CPR)
    Destination Clock Delay (DCD):    2.719ns
    Source Clock Delay      (SCD):    2.345ns
    Clock Pessimism Removal (CPR):    0.359ns

    Location             Delay type                Incr(ns)  Path(ns)    Netlist Resource(s)
  -------------------------------------------------------------------    -------------------
                         (clock pll_pwm_clk rise edge)
                                                      0.000     0.000 r  
    U18                                               0.000     0.000 r  adc_clk_p_i (IN)
                         net (fo=0)                   0.000     0.000    adc_clk_p_i
    U18                  IBUFDS (Prop_ibufds_I_O)     0.401     0.401 r  i_clk/O
                         net (fo=1, estimated)        0.551     0.952    pll/clk
    PLLE2_ADV_X0Y0       PLLE2_ADV (Prop_plle2_adv_CLKIN1_CLKOUT5)
                                                      0.051     1.003 r  pll/pll/CLKOUT5
                         net (fo=1, estimated)        0.739     1.742    pll_pwm_clk
    BUFGCTRL_X0Y5        BUFG (Prop_bufg_I_O)         0.026     1.768 r  bufg_pwm_clk/O
                         net (fo=347, estimated)      0.577     2.345    pwm_gen_inst[0].pwm_inst/clk
    SLICE_X40Y72         FDRE                                         r  pwm_gen_inst[0].pwm_inst/v_reg[4]/C
  -------------------------------------------------------------------    -------------------
    SLICE_X40Y72         FDRE (Prop_fdre_C_Q)         0.141     2.486 r  pwm_gen_inst[0].pwm_inst/v_reg[4]/Q
                         net (fo=2, estimated)        0.128     2.614    pwm_gen_inst[0].pwm_inst/v_reg_n_0_[4]
    SLICE_X41Y71         LUT6 (Prop_lut6_I5_O)        0.045     2.659 r  pwm_gen_inst[0].pwm_inst/v_r[4]_i_1/O
                         net (fo=1, routed)           0.000     2.659    pwm_gen_inst[0].pwm_inst/v_r[4]_i_1_n_0
    SLICE_X41Y71         FDRE                                         r  pwm_gen_inst[0].pwm_inst/v_r_reg[4]/D
  -------------------------------------------------------------------    -------------------

                         (clock pll_pwm_clk rise edge)
                                                      0.000     0.000 r  
    U18                                               0.000     0.000 r  adc_clk_p_i (IN)
                         net (fo=0)                   0.000     0.000    adc_clk_p_i
    U18                  IBUFDS (Prop_ibufds_I_O)     0.433     0.433 r  i_clk/O
                         net (fo=1, estimated)        0.579     1.012    pll/clk
    PLLE2_ADV_X0Y0       PLLE2_ADV (Prop_plle2_adv_CLKIN1_CLKOUT5)
                                                      0.054     1.066 r  pll/pll/CLKOUT5
                         net (fo=1, estimated)        0.778     1.845    pll_pwm_clk
    BUFGCTRL_X0Y5        BUFG (Prop_bufg_I_O)         0.029     1.874 r  bufg_pwm_clk/O
                         net (fo=347, estimated)      0.845     2.719    pwm_gen_inst[0].pwm_inst/clk
    SLICE_X41Y71         FDRE                                         r  pwm_gen_inst[0].pwm_inst/v_r_reg[4]/C
                         clock pessimism             -0.359     2.359    
    SLICE_X41Y71         FDRE (Hold_fdre_C_D)         0.092     2.451    pwm_gen_inst[0].pwm_inst/v_r_reg[4]
  -------------------------------------------------------------------
                         required time                         -2.451    
                         arrival time                           2.659    
  -------------------------------------------------------------------
                         slack                                  0.208    





Pulse Width Checks
--------------------------------------------------------------------------------------
Clock Name:         pll_pwm_clk
Waveform(ns):       { 0.000 2.000 }
Period(ns):         4.000
Sources:            { pll/pll/CLKOUT5 }

Check Type        Corner  Lib Pin            Reference Pin  Required(ns)  Actual(ns)  Slack(ns)  Location        Pin
Min Period        n/a     BUFG/I             n/a            2.155         4.000       1.845      BUFGCTRL_X0Y5   bufg_pwm_clk/I
Max Period        n/a     PLLE2_ADV/CLKOUT5  n/a            160.000       4.000       156.000    PLLE2_ADV_X0Y0  pll/pll/CLKOUT5
Low Pulse Width   Slow    FDRE/C             n/a            0.500         2.000       1.500      SLICE_X40Y68    pwm_rstn_reg/C
High Pulse Width  Slow    FDRE/C             n/a            0.500         2.000       1.500      SLICE_X40Y68    pwm_rstn_reg/C



---------------------------------------------------------------------------------------------------
From Clock:  clk_fpga_3
  To Clock:  clk_fpga_3

Setup :            0  Failing Endpoints,  Worst Slack        0.041ns,  Total Violation        0.000ns
Hold  :            0  Failing Endpoints,  Worst Slack        0.081ns,  Total Violation        0.000ns
PW    :            0  Failing Endpoints,  Worst Slack        1.000ns,  Total Violation        0.000ns
---------------------------------------------------------------------------------------------------


Max Delay Paths
--------------------------------------------------------------------------------------
Slack (MET) :             0.041ns  (required time - arrival time)
  Source:                 i_ps/system_i/system_i/axi_protocol_converter_0/inst/gen_axilite.gen_b2s_conv.axilite_b2s/WR.b_channel_0/bid_fifo_0/memory_reg[3][2]_srl4/CLK
                            (rising edge-triggered cell SRL16E clocked by clk_fpga_3  {rise@0.000ns fall@2.500ns period=5.000ns})
  Destination:            i_ps/system_i/system_i/axi_protocol_converter_0/inst/gen_axilite.gen_b2s_conv.axilite_b2s/WR.b_channel_0/bresp_fifo_0/memory_reg[3][1]_srl4/CE
                            (rising edge-triggered cell SRL16E clocked by clk_fpga_3  {rise@0.000ns fall@2.500ns period=5.000ns})
  Path Group:             clk_fpga_3
  Path Type:              Setup (Max at Slow Process Corner)
  Requirement:            5.000ns  (clk_fpga_3 rise@5.000ns - clk_fpga_3 rise@0.000ns)
  Data Path Delay:        4.334ns  (logic 1.978ns (45.639%)  route 2.356ns (54.361%))
  Logic Levels:           3  (LUT2=1 LUT6=2)
  Clock Path Skew:        -0.025ns (DCD - SCD + CPR)
    Destination Clock Delay (DCD):    2.770ns = ( 7.770 - 5.000 ) 
    Source Clock Delay      (SCD):    3.017ns
    Clock Pessimism Removal (CPR):    0.222ns
  Clock Uncertainty:      0.083ns  ((TSJ^2 + TIJ^2)^1/2 + DJ) / 2 + PE
    Total System Jitter     (TSJ):    0.071ns
    Total Input Jitter      (TIJ):    0.150ns
    Discrete Jitter          (DJ):    0.000ns
    Phase Error              (PE):    0.000ns

    Location             Delay type                Incr(ns)  Path(ns)    Netlist Resource(s)
  -------------------------------------------------------------------    -------------------
                         (clock clk_fpga_3 rise edge)
                                                      0.000     0.000 r  
    PS7_X0Y0             PS7                          0.000     0.000 r  i_ps/system_i/system_i/processing_system7/inst/PS7_i/FCLKCLK[3]
                         net (fo=1, estimated)        1.207     1.207    i_ps/system_i/system_i/processing_system7/inst/FCLK_CLK_unbuffered[3]
    BUFGCTRL_X0Y1        BUFG (Prop_bufg_I_O)         0.101     1.308 r  i_ps/system_i/system_i/processing_system7/inst/buffer_fclk_clk_3.FCLK_CLK_3_BUFG/O
                         net (fo=751, estimated)      1.709     3.017    i_ps/system_i/system_i/axi_protocol_converter_0/inst/gen_axilite.gen_b2s_conv.axilite_b2s/WR.b_channel_0/bid_fifo_0/clk
    SLICE_X4Y63          SRL16E                                       r  i_ps/system_i/system_i/axi_protocol_converter_0/inst/gen_axilite.gen_b2s_conv.axilite_b2s/WR.b_channel_0/bid_fifo_0/memory_reg[3][2]_srl4/CLK
  -------------------------------------------------------------------    -------------------
    SLICE_X4Y63          SRL16E (Prop_srl16e_CLK_Q)
                                                      1.606     4.623 r  i_ps/system_i/system_i/axi_protocol_converter_0/inst/gen_axilite.gen_b2s_conv.axilite_b2s/WR.b_channel_0/bid_fifo_0/memory_reg[3][2]_srl4/Q
                         net (fo=1, estimated)        0.996     5.619    i_ps/system_i/system_i/axi_protocol_converter_0/inst/gen_axilite.gen_b2s_conv.axilite_b2s/WR.b_channel_0/bid_fifo_0_n_17
    SLICE_X4Y64          LUT6 (Prop_lut6_I2_O)        0.124     5.743 r  i_ps/system_i/system_i/axi_protocol_converter_0/inst/gen_axilite.gen_b2s_conv.axilite_b2s/WR.b_channel_0/bresp_fifo_0_i_3/O
                         net (fo=3, estimated)        0.807     6.550    i_ps/system_i/system_i/axi_protocol_converter_0/inst/gen_axilite.gen_b2s_conv.axilite_b2s/WR.b_channel_0/bresp_fifo_0/pwropt_4
    SLICE_X4Y64          LUT6 (Prop_lut6_I1_O)        0.124     6.674 r  i_ps/system_i/system_i/axi_protocol_converter_0/inst/gen_axilite.gen_b2s_conv.axilite_b2s/WR.b_channel_0/bresp_fifo_0/memory_reg[3][1]_srl4_CE_cooolgate_en_gate_792/O
                         net (fo=1, estimated)        0.173     6.847    i_ps/system_i/system_i/axi_protocol_converter_0/inst/gen_axilite.gen_b2s_conv.axilite_b2s/WR.b_channel_0/bresp_fifo_0/memory_reg[3][1]_srl4_CE_cooolgate_en_sig_186
    SLICE_X4Y64          LUT2 (Prop_lut2_I1_O)        0.124     6.971 r  i_ps/system_i/system_i/axi_protocol_converter_0/inst/gen_axilite.gen_b2s_conv.axilite_b2s/WR.b_channel_0/bresp_fifo_0/memory_reg[3][1]_srl4_CE_cooolgate_en_gate_793/O
                         net (fo=1, estimated)        0.380     7.351    i_ps/system_i/system_i/axi_protocol_converter_0/inst/gen_axilite.gen_b2s_conv.axilite_b2s/WR.b_channel_0/bresp_fifo_0/memory_reg[3][1]_srl4_CE_cooolgate_en_sig_187
    SLICE_X4Y64          SRL16E                                       r  i_ps/system_i/system_i/axi_protocol_converter_0/inst/gen_axilite.gen_b2s_conv.axilite_b2s/WR.b_channel_0/bresp_fifo_0/memory_reg[3][1]_srl4/CE
  -------------------------------------------------------------------    -------------------

                         (clock clk_fpga_3 rise edge)
                                                      5.000     5.000 r  
    PS7_X0Y0             PS7                          0.000     5.000 r  i_ps/system_i/system_i/processing_system7/inst/PS7_i/FCLKCLK[3]
                         net (fo=1, estimated)        1.147     6.147    i_ps/system_i/system_i/processing_system7/inst/FCLK_CLK_unbuffered[3]
    BUFGCTRL_X0Y1        BUFG (Prop_bufg_I_O)         0.091     6.238 r  i_ps/system_i/system_i/processing_system7/inst/buffer_fclk_clk_3.FCLK_CLK_3_BUFG/O
                         net (fo=751, estimated)      1.532     7.770    i_ps/system_i/system_i/axi_protocol_converter_0/inst/gen_axilite.gen_b2s_conv.axilite_b2s/WR.b_channel_0/bresp_fifo_0/clk
    SLICE_X4Y64          SRL16E                                       r  i_ps/system_i/system_i/axi_protocol_converter_0/inst/gen_axilite.gen_b2s_conv.axilite_b2s/WR.b_channel_0/bresp_fifo_0/memory_reg[3][1]_srl4/CLK
                         clock pessimism              0.222     7.992    
                         clock uncertainty           -0.083     7.909    
    SLICE_X4Y64          SRL16E (Setup_srl16e_CLK_CE)
                                                     -0.517     7.392    i_ps/system_i/system_i/axi_protocol_converter_0/inst/gen_axilite.gen_b2s_conv.axilite_b2s/WR.b_channel_0/bresp_fifo_0/memory_reg[3][1]_srl4
  -------------------------------------------------------------------
                         required time                          7.392    
                         arrival time                          -7.351    
  -------------------------------------------------------------------
                         slack                                  0.041    





Min Delay Paths
--------------------------------------------------------------------------------------
Slack (MET) :             0.081ns  (arrival time - required time)
  Source:                 i_ps/system_i/system_i/axi_protocol_converter_0/inst/gen_axilite.gen_b2s_conv.axilite_b2s/RD.r_channel_0/r_arid_r_reg[8]/C
                            (rising edge-triggered cell FDRE clocked by clk_fpga_3  {rise@0.000ns fall@2.500ns period=5.000ns})
  Destination:            i_ps/system_i/system_i/axi_protocol_converter_0/inst/gen_axilite.gen_b2s_conv.axilite_b2s/RD.r_channel_0/transaction_fifo_0/memory_reg[31][9]_srl32/D
                            (rising edge-triggered cell SRLC32E clocked by clk_fpga_3  {rise@0.000ns fall@2.500ns period=5.000ns})
  Path Group:             clk_fpga_3
  Path Type:              Hold (Min at Fast Process Corner)
  Requirement:            0.000ns  (clk_fpga_3 rise@0.000ns - clk_fpga_3 rise@0.000ns)
  Data Path Delay:        0.281ns  (logic 0.141ns (50.263%)  route 0.140ns (49.737%))
  Logic Levels:           0  
  Clock Path Skew:        0.017ns (DCD - SCD - CPR)
    Destination Clock Delay (DCD):    1.413ns
    Source Clock Delay      (SCD):    1.113ns
    Clock Pessimism Removal (CPR):    0.283ns

    Location             Delay type                Incr(ns)  Path(ns)    Netlist Resource(s)
  -------------------------------------------------------------------    -------------------
                         (clock clk_fpga_3 rise edge)
                                                      0.000     0.000 r  
    PS7_X0Y0             PS7                          0.000     0.000 r  i_ps/system_i/system_i/processing_system7/inst/PS7_i/FCLKCLK[3]
                         net (fo=1, estimated)        0.509     0.509    i_ps/system_i/system_i/processing_system7/inst/FCLK_CLK_unbuffered[3]
    BUFGCTRL_X0Y1        BUFG (Prop_bufg_I_O)         0.026     0.535 r  i_ps/system_i/system_i/processing_system7/inst/buffer_fclk_clk_3.FCLK_CLK_3_BUFG/O
                         net (fo=751, estimated)      0.578     1.113    i_ps/system_i/system_i/axi_protocol_converter_0/inst/gen_axilite.gen_b2s_conv.axilite_b2s/RD.r_channel_0/clk
    SLICE_X1Y56          FDRE                                         r  i_ps/system_i/system_i/axi_protocol_converter_0/inst/gen_axilite.gen_b2s_conv.axilite_b2s/RD.r_channel_0/r_arid_r_reg[8]/C
  -------------------------------------------------------------------    -------------------
    SLICE_X1Y56          FDRE (Prop_fdre_C_Q)         0.141     1.254 r  i_ps/system_i/system_i/axi_protocol_converter_0/inst/gen_axilite.gen_b2s_conv.axilite_b2s/RD.r_channel_0/r_arid_r_reg[8]/Q
                         net (fo=1, estimated)        0.140     1.393    i_ps/system_i/system_i/axi_protocol_converter_0/inst/gen_axilite.gen_b2s_conv.axilite_b2s/RD.r_channel_0/transaction_fifo_0/din[9]
    SLICE_X0Y56          SRLC32E                                      r  i_ps/system_i/system_i/axi_protocol_converter_0/inst/gen_axilite.gen_b2s_conv.axilite_b2s/RD.r_channel_0/transaction_fifo_0/memory_reg[31][9]_srl32/D
  -------------------------------------------------------------------    -------------------

                         (clock clk_fpga_3 rise edge)
                                                      0.000     0.000 r  
    PS7_X0Y0             PS7                          0.000     0.000 r  i_ps/system_i/system_i/processing_system7/inst/PS7_i/FCLKCLK[3]
                         net (fo=1, estimated)        0.536     0.536    i_ps/system_i/system_i/processing_system7/inst/FCLK_CLK_unbuffered[3]
    BUFGCTRL_X0Y1        BUFG (Prop_bufg_I_O)         0.029     0.565 r  i_ps/system_i/system_i/processing_system7/inst/buffer_fclk_clk_3.FCLK_CLK_3_BUFG/O
                         net (fo=751, estimated)      0.848     1.413    i_ps/system_i/system_i/axi_protocol_converter_0/inst/gen_axilite.gen_b2s_conv.axilite_b2s/RD.r_channel_0/transaction_fifo_0/clk
    SLICE_X0Y56          SRLC32E                                      r  i_ps/system_i/system_i/axi_protocol_converter_0/inst/gen_axilite.gen_b2s_conv.axilite_b2s/RD.r_channel_0/transaction_fifo_0/memory_reg[31][9]_srl32/CLK
                         clock pessimism             -0.283     1.130    
    SLICE_X0Y56          SRLC32E (Hold_srlc32e_CLK_D)
                                                      0.183     1.313    i_ps/system_i/system_i/axi_protocol_converter_0/inst/gen_axilite.gen_b2s_conv.axilite_b2s/RD.r_channel_0/transaction_fifo_0/memory_reg[31][9]_srl32
  -------------------------------------------------------------------
                         required time                         -1.313    
                         arrival time                           1.393    
  -------------------------------------------------------------------
                         slack                                  0.081    





Pulse Width Checks
--------------------------------------------------------------------------------------
Clock Name:         clk_fpga_3
Waveform(ns):       { 0.000 2.500 }
Period(ns):         5.000
Sources:            { i_ps/system_i/system_i/processing_system7/inst/PS7_i/FCLKCLK[3] }

Check Type        Corner  Lib Pin      Reference Pin  Required(ns)  Actual(ns)  Slack(ns)  Location     Pin
Min Period        n/a     XADC/DCLK    n/a            4.000         5.000       1.000      XADC_X0Y0    i_ps/system_i/system_i/xadc/inst/AXI_XADC_CORE_I/XADC_INST/DCLK
Low Pulse Width   Slow    SRLC32E/CLK  n/a            0.980         2.500       1.520      SLICE_X6Y63  i_ps/system_i/system_i/axi_protocol_converter_0/inst/gen_axilite.gen_b2s_conv.axilite_b2s/RD.r_channel_0/rd_data_fifo_0/memory_reg[31][0]_srl32/CLK
High Pulse Width  Slow    SRLC32E/CLK  n/a            0.980         2.500       1.520      SLICE_X6Y63  i_ps/system_i/system_i/axi_protocol_converter_0/inst/gen_axilite.gen_b2s_conv.axilite_b2s/RD.r_channel_0/rd_data_fifo_0/memory_reg[31][0]_srl32/CLK



---------------------------------------------------------------------------------------------------
From Clock:  adc_clk
  To Clock:  pll_adc_clk

Setup :            0  Failing Endpoints,  Worst Slack        6.064ns,  Total Violation        0.000ns
Hold  :           28  Failing Endpoints,  Worst Slack       -1.762ns,  Total Violation      -47.627ns
---------------------------------------------------------------------------------------------------


Max Delay Paths
--------------------------------------------------------------------------------------
Slack (MET) :             6.064ns  (required time - arrival time)
  Source:                 adc_dat_a_i[7]
                            (input port clocked by adc_clk  {rise@0.000ns fall@4.000ns period=8.000ns})
  Destination:            adc_dat_a_reg[5]/D
                            (rising edge-triggered cell FDRE clocked by pll_adc_clk  {rise@0.000ns fall@4.000ns period=8.000ns})
  Path Group:             pll_adc_clk
  Path Type:              Setup (Max at Fast Process Corner)
  Requirement:            8.000ns  (pll_adc_clk rise@8.000ns - adc_clk rise@0.000ns)
  Data Path Delay:        0.850ns  (logic 0.488ns (57.440%)  route 0.362ns (42.560%))
  Logic Levels:           1  (IBUF=1)
  Input Delay:            3.400ns
  Clock Path Skew:        2.481ns (DCD - SCD + CPR)
    Destination Clock Delay (DCD):    2.481ns = ( 10.481 - 8.000 ) 
    Source Clock Delay      (SCD):    0.000ns
    Clock Pessimism Removal (CPR):    0.000ns
  Clock Uncertainty:      0.166ns  ((TSJ^2 + DJ^2)^1/2) / 2 + PE
    Total System Jitter     (TSJ):    0.071ns
    Discrete Jitter          (DJ):    0.118ns
    Phase Error              (PE):    0.097ns

    Location             Delay type                Incr(ns)  Path(ns)    Netlist Resource(s)
  -------------------------------------------------------------------    -------------------
                         (clock adc_clk rise edge)    0.000     0.000 r  
                         input delay                  3.400     3.400    
    Y14                                               0.000     3.400 r  adc_dat_a_i[7] (IN)
                         net (fo=0)                   0.000     3.400    adc_dat_a_i[7]
    Y14                  IBUF (Prop_ibuf_I_O)         0.488     3.888 r  adc_dat_a_i_IBUF[7]_inst/O
                         net (fo=1, estimated)        0.362     4.250    adc_dat_a_i_IBUF[7]
    ILOGIC_X0Y33         FDRE                                         r  adc_dat_a_reg[5]/D
  -------------------------------------------------------------------    -------------------

                         (clock pll_adc_clk rise edge)
                                                      8.000     8.000 r  
    U18                                               0.000     8.000 r  adc_clk_p_i (IN)
                         net (fo=0)                   0.000     8.000    adc_clk_p_i
    U18                  IBUFDS (Prop_ibufds_I_O)     0.401     8.401 r  i_clk/O
                         net (fo=1, estimated)        0.551     8.952    pll/clk
    PLLE2_ADV_X0Y0       PLLE2_ADV (Prop_plle2_adv_CLKIN1_CLKOUT0)
                                                      0.051     9.003 r  pll/pll/CLKOUT0
                         net (fo=1, estimated)        0.739     9.742    pll_adc_clk
    BUFGCTRL_X0Y0        BUFG (Prop_bufg_I_O)         0.026     9.768 r  bufg_adc_clk/O
                         net (fo=8035, estimated)     0.713    10.481    adc_clk
    ILOGIC_X0Y33         FDRE                                         r  adc_dat_a_reg[5]/C
                         clock pessimism              0.000    10.481    
                         clock uncertainty           -0.166    10.315    
    ILOGIC_X0Y33         FDRE (Setup_fdre_C_D)       -0.002    10.313    adc_dat_a_reg[5]
  -------------------------------------------------------------------
                         required time                         10.313    
                         arrival time                          -4.250    
  -------------------------------------------------------------------
                         slack                                  6.064    





Min Delay Paths
--------------------------------------------------------------------------------------
Slack (VIOLATED) :        -1.762ns  (arrival time - required time)
  Source:                 adc_dat_b_i[3]
                            (input port clocked by adc_clk  {rise@0.000ns fall@4.000ns period=8.000ns})
  Destination:            adc_dat_b_reg[1]/D
                            (rising edge-triggered cell FDRE clocked by pll_adc_clk  {rise@0.000ns fall@4.000ns period=8.000ns})
  Path Group:             pll_adc_clk
  Path Type:              Hold (Min at Slow Process Corner)
  Requirement:            0.000ns  (pll_adc_clk rise@0.000ns - adc_clk rise@0.000ns)
  Data Path Delay:        1.579ns  (logic 0.805ns (50.978%)  route 0.774ns (49.022%))
  Logic Levels:           1  (IBUF=1)
  Input Delay:            3.400ns
  Clock Path Skew:        6.384ns (DCD - SCD - CPR)
    Destination Clock Delay (DCD):    6.384ns
    Source Clock Delay      (SCD):    0.000ns
    Clock Pessimism Removal (CPR):    -0.000ns
  Clock Uncertainty:      0.166ns  ((TSJ^2 + DJ^2)^1/2) / 2 + PE
    Total System Jitter     (TSJ):    0.071ns
    Discrete Jitter          (DJ):    0.118ns
    Phase Error              (PE):    0.097ns

    Location             Delay type                Incr(ns)  Path(ns)    Netlist Resource(s)
  -------------------------------------------------------------------    -------------------
                         (clock adc_clk rise edge)    0.000     0.000 r  
                         input delay                  3.400     3.400    
    P16                                               0.000     3.400 r  adc_dat_b_i[3] (IN)
                         net (fo=0)                   0.000     3.400    adc_dat_b_i[3]
    P16                  IBUF (Prop_ibuf_I_O)         0.805     4.205 r  adc_dat_b_i_IBUF[3]_inst/O
                         net (fo=1, estimated)        0.774     4.979    adc_dat_b_i_IBUF[3]
    ILOGIC_X0Y1          FDRE                                         r  adc_dat_b_reg[1]/D
  -------------------------------------------------------------------    -------------------

                         (clock pll_adc_clk rise edge)
                                                      0.000     0.000 r  
    U18                                               0.000     0.000 r  adc_clk_p_i (IN)
                         net (fo=0)                   0.000     0.000    adc_clk_p_i
    U18                  IBUFDS (Prop_ibufds_I_O)     0.983     0.983 r  i_clk/O
                         net (fo=1, estimated)        1.306     2.289    pll/clk
    PLLE2_ADV_X0Y0       PLLE2_ADV (Prop_plle2_adv_CLKIN1_CLKOUT0)
                                                      0.089     2.378 r  pll/pll/CLKOUT0
                         net (fo=1, estimated)        1.754     4.132    pll_adc_clk
    BUFGCTRL_X0Y0        BUFG (Prop_bufg_I_O)         0.101     4.233 r  bufg_adc_clk/O
                         net (fo=8035, estimated)     2.151     6.384    adc_clk
    ILOGIC_X0Y1          FDRE                                         r  adc_dat_b_reg[1]/C
                         clock pessimism              0.000     6.384    
                         clock uncertainty            0.166     6.550    
    ILOGIC_X0Y1          FDRE (Hold_fdre_C_D)         0.191     6.741    adc_dat_b_reg[1]
  -------------------------------------------------------------------
                         required time                         -6.741    
                         arrival time                           4.979    
  -------------------------------------------------------------------
                         slack                                 -1.762    





---------------------------------------------------------------------------------------------------
From Clock:  pll_pwm_clk
  To Clock:  pll_adc_clk

Setup :            0  Failing Endpoints,  Worst Slack        2.051ns,  Total Violation        0.000ns
Hold  :            4  Failing Endpoints,  Worst Slack       -0.104ns,  Total Violation       -0.261ns
---------------------------------------------------------------------------------------------------


Max Delay Paths
--------------------------------------------------------------------------------------
Slack (MET) :             2.051ns  (required time - arrival time)
  Source:                 pwm_gen_inst[1].pwm_inst/pwm_o_reg/C
                            (rising edge-triggered cell FDRE clocked by pll_pwm_clk  {rise@0.000ns fall@2.000ns period=4.000ns})
  Destination:            i_hk/exp_p_dat_o_reg[3]/D
                            (rising edge-triggered cell FDRE clocked by pll_adc_clk  {rise@0.000ns fall@4.000ns period=8.000ns})
  Path Group:             pll_adc_clk
  Path Type:              Setup (Max at Slow Process Corner)
  Requirement:            4.000ns  (pll_adc_clk rise@8.000ns - pll_pwm_clk rise@4.000ns)
  Data Path Delay:        1.555ns  (logic 0.580ns (37.299%)  route 0.975ns (62.701%))
  Logic Levels:           1  (LUT4=1)
  Clock Path Skew:        -0.286ns (DCD - SCD + CPR)
    Destination Clock Delay (DCD):    5.570ns = ( 13.570 - 8.000 ) 
    Source Clock Delay      (SCD):    5.969ns = ( 9.969 - 4.000 ) 
    Clock Pessimism Removal (CPR):    0.113ns
  Clock Uncertainty:      0.189ns  ((TSJ^2 + DJ^2)^1/2) / 2 + PE
    Total System Jitter     (TSJ):    0.071ns
    Discrete Jitter          (DJ):    0.118ns
    Phase Error              (PE):    0.120ns

    Location             Delay type                Incr(ns)  Path(ns)    Netlist Resource(s)
  -------------------------------------------------------------------    -------------------
                         (clock pll_pwm_clk rise edge)
                                                      4.000     4.000 r  
    U18                                               0.000     4.000 r  adc_clk_p_i (IN)
                         net (fo=0)                   0.000     4.000    adc_clk_p_i
    U18                  IBUFDS (Prop_ibufds_I_O)     0.983     4.983 r  i_clk/O
                         net (fo=1, estimated)        1.306     6.289    pll/clk
    PLLE2_ADV_X0Y0       PLLE2_ADV (Prop_plle2_adv_CLKIN1_CLKOUT5)
                                                      0.089     6.378 r  pll/pll/CLKOUT5
                         net (fo=1, estimated)        1.754     8.132    pll_pwm_clk
    BUFGCTRL_X0Y5        BUFG (Prop_bufg_I_O)         0.101     8.233 r  bufg_pwm_clk/O
                         net (fo=347, estimated)      1.736     9.969    pwm_gen_inst[1].pwm_inst/clk
    SLICE_X41Y62         FDRE                                         r  pwm_gen_inst[1].pwm_inst/pwm_o_reg/C
  -------------------------------------------------------------------    -------------------
    SLICE_X41Y62         FDRE (Prop_fdre_C_Q)         0.456    10.425 r  pwm_gen_inst[1].pwm_inst/pwm_o_reg/Q
                         net (fo=2, estimated)        0.975    11.400    i_hk/mod_exp_p_dat[3]
    SLICE_X42Y77         LUT4 (Prop_lut4_I3_O)        0.124    11.524 r  i_hk/exp_p_dat_o[3]_i_1/O
                         net (fo=1, routed)           0.000    11.524    i_hk/p_29_out[3]
    SLICE_X42Y77         FDRE                                         r  i_hk/exp_p_dat_o_reg[3]/D
  -------------------------------------------------------------------    -------------------

                         (clock pll_adc_clk rise edge)
                                                      8.000     8.000 r  
    U18                                               0.000     8.000 r  adc_clk_p_i (IN)
                         net (fo=0)                   0.000     8.000    adc_clk_p_i
    U18                  IBUFDS (Prop_ibufds_I_O)     0.940     8.940 r  i_clk/O
                         net (fo=1, estimated)        1.241    10.181    pll/clk
    PLLE2_ADV_X0Y0       PLLE2_ADV (Prop_plle2_adv_CLKIN1_CLKOUT0)
                                                      0.084    10.265 r  pll/pll/CLKOUT0
                         net (fo=1, estimated)        1.666    11.931    pll_adc_clk
    BUFGCTRL_X0Y0        BUFG (Prop_bufg_I_O)         0.091    12.022 r  bufg_adc_clk/O
                         net (fo=8035, estimated)     1.548    13.570    i_hk/clk_i
    SLICE_X42Y77         FDRE                                         r  i_hk/exp_p_dat_o_reg[3]/C
                         clock pessimism              0.113    13.683    
                         clock uncertainty           -0.189    13.495    
    SLICE_X42Y77         FDRE (Setup_fdre_C_D)        0.081    13.576    i_hk/exp_p_dat_o_reg[3]
  -------------------------------------------------------------------
                         required time                         13.576    
                         arrival time                         -11.524    
  -------------------------------------------------------------------
                         slack                                  2.051    





Min Delay Paths
--------------------------------------------------------------------------------------
Slack (VIOLATED) :        -0.104ns  (arrival time - required time)
  Source:                 pwm_gen_inst[3].pwm_inst/pwm_o_reg/C
                            (rising edge-triggered cell FDRE clocked by pll_pwm_clk  {rise@0.000ns fall@2.000ns period=4.000ns})
  Destination:            i_hk/exp_p_dat_o_reg[5]/D
                            (rising edge-triggered cell FDRE clocked by pll_adc_clk  {rise@0.000ns fall@4.000ns period=8.000ns})
  Path Group:             pll_adc_clk
  Path Type:              Hold (Min at Fast Process Corner)
  Requirement:            0.000ns  (pll_adc_clk rise@0.000ns - pll_pwm_clk rise@0.000ns)
  Data Path Delay:        0.487ns  (logic 0.186ns (38.163%)  route 0.301ns (61.837%))
  Logic Levels:           1  (LUT4=1)
  Clock Path Skew:        0.312ns (DCD - SCD - CPR)
    Destination Clock Delay (DCD):    2.719ns
    Source Clock Delay      (SCD):    2.343ns
    Clock Pessimism Removal (CPR):    0.063ns
  Clock Uncertainty:      0.189ns  ((TSJ^2 + DJ^2)^1/2) / 2 + PE
    Total System Jitter     (TSJ):    0.071ns
    Discrete Jitter          (DJ):    0.118ns
    Phase Error              (PE):    0.120ns

    Location             Delay type                Incr(ns)  Path(ns)    Netlist Resource(s)
  -------------------------------------------------------------------    -------------------
                         (clock pll_pwm_clk rise edge)
                                                      0.000     0.000 r  
    U18                                               0.000     0.000 r  adc_clk_p_i (IN)
                         net (fo=0)                   0.000     0.000    adc_clk_p_i
    U18                  IBUFDS (Prop_ibufds_I_O)     0.401     0.401 r  i_clk/O
                         net (fo=1, estimated)        0.551     0.952    pll/clk
    PLLE2_ADV_X0Y0       PLLE2_ADV (Prop_plle2_adv_CLKIN1_CLKOUT5)
                                                      0.051     1.003 r  pll/pll/CLKOUT5
                         net (fo=1, estimated)        0.739     1.742    pll_pwm_clk
    BUFGCTRL_X0Y5        BUFG (Prop_bufg_I_O)         0.026     1.768 r  bufg_pwm_clk/O
                         net (fo=347, estimated)      0.575     2.343    pwm_gen_inst[3].pwm_inst/clk
    SLICE_X41Y73         FDRE                                         r  pwm_gen_inst[3].pwm_inst/pwm_o_reg/C
  -------------------------------------------------------------------    -------------------
    SLICE_X41Y73         FDRE (Prop_fdre_C_Q)         0.141     2.484 r  pwm_gen_inst[3].pwm_inst/pwm_o_reg/Q
                         net (fo=2, estimated)        0.301     2.786    i_hk/mod_exp_p_dat[5]
    SLICE_X40Y78         LUT4 (Prop_lut4_I3_O)        0.045     2.831 r  i_hk/exp_p_dat_o[5]_i_1/O
                         net (fo=1, routed)           0.000     2.831    i_hk/p_29_out[5]
    SLICE_X40Y78         FDRE                                         r  i_hk/exp_p_dat_o_reg[5]/D
  -------------------------------------------------------------------    -------------------

                         (clock pll_adc_clk rise edge)
                                                      0.000     0.000 r  
    U18                                               0.000     0.000 r  adc_clk_p_i (IN)
                         net (fo=0)                   0.000     0.000    adc_clk_p_i
    U18                  IBUFDS (Prop_ibufds_I_O)     0.433     0.433 r  i_clk/O
                         net (fo=1, estimated)        0.579     1.012    pll/clk
    PLLE2_ADV_X0Y0       PLLE2_ADV (Prop_plle2_adv_CLKIN1_CLKOUT0)
                                                      0.054     1.066 r  pll/pll/CLKOUT0
                         net (fo=1, estimated)        0.778     1.845    pll_adc_clk
    BUFGCTRL_X0Y0        BUFG (Prop_bufg_I_O)         0.029     1.874 r  bufg_adc_clk/O
                         net (fo=8035, estimated)     0.845     2.719    i_hk/clk_i
    SLICE_X40Y78         FDRE                                         r  i_hk/exp_p_dat_o_reg[5]/C
                         clock pessimism             -0.063     2.655    
                         clock uncertainty            0.189     2.844    
    SLICE_X40Y78         FDRE (Hold_fdre_C_D)         0.091     2.935    i_hk/exp_p_dat_o_reg[5]
  -------------------------------------------------------------------
                         required time                         -2.935    
                         arrival time                           2.831    
  -------------------------------------------------------------------
                         slack                                 -0.104    





---------------------------------------------------------------------------------------------------
From Clock:  pll_adc_clk
  To Clock:  pll_dac_clk_1x

Setup :            0  Failing Endpoints,  Worst Slack        3.343ns,  Total Violation        0.000ns
Hold  :            0  Failing Endpoints,  Worst Slack        0.262ns,  Total Violation        0.000ns
---------------------------------------------------------------------------------------------------


Max Delay Paths
--------------------------------------------------------------------------------------
Slack (MET) :             3.343ns  (required time - arrival time)
  Source:                 i_dsp/sum2_reg[16]/C
                            (rising edge-triggered cell FDRE clocked by pll_adc_clk  {rise@0.000ns fall@4.000ns period=8.000ns})
  Destination:            dac_dat_b_reg[1]/D
                            (rising edge-triggered cell FDRE clocked by pll_dac_clk_1x  {rise@0.000ns fall@4.000ns period=8.000ns})
  Path Group:             pll_dac_clk_1x
  Path Type:              Setup (Max at Slow Process Corner)
  Requirement:            8.000ns  (pll_dac_clk_1x rise@8.000ns - pll_adc_clk rise@0.000ns)
  Data Path Delay:        4.187ns  (logic 0.718ns (17.148%)  route 3.469ns (82.852%))
  Logic Levels:           1  (LUT6=1)
  Clock Path Skew:        -0.200ns (DCD - SCD + CPR)
    Destination Clock Delay (DCD):    5.577ns = ( 13.577 - 8.000 ) 
    Source Clock Delay      (SCD):    5.890ns
    Clock Pessimism Removal (CPR):    0.113ns
  Clock Uncertainty:      0.189ns  ((TSJ^2 + DJ^2)^1/2) / 2 + PE
    Total System Jitter     (TSJ):    0.071ns
    Discrete Jitter          (DJ):    0.118ns
    Phase Error              (PE):    0.120ns

    Location             Delay type                Incr(ns)  Path(ns)    Netlist Resource(s)
  -------------------------------------------------------------------    -------------------
                         (clock pll_adc_clk rise edge)
                                                      0.000     0.000 r  
    U18                                               0.000     0.000 r  adc_clk_p_i (IN)
                         net (fo=0)                   0.000     0.000    adc_clk_p_i
    U18                  IBUFDS (Prop_ibufds_I_O)     0.983     0.983 r  i_clk/O
                         net (fo=1, estimated)        1.306     2.289    pll/clk
    PLLE2_ADV_X0Y0       PLLE2_ADV (Prop_plle2_adv_CLKIN1_CLKOUT0)
                                                      0.089     2.378 r  pll/pll/CLKOUT0
                         net (fo=1, estimated)        1.754     4.132    pll_adc_clk
    BUFGCTRL_X0Y0        BUFG (Prop_bufg_I_O)         0.101     4.233 r  bufg_adc_clk/O
                         net (fo=8035, estimated)     1.657     5.890    i_dsp/clk_i
    SLICE_X21Y57         FDRE                                         r  i_dsp/sum2_reg[16]/C
  -------------------------------------------------------------------    -------------------
    SLICE_X21Y57         FDRE (Prop_fdre_C_Q)         0.419     6.309 f  i_dsp/sum2_reg[16]/Q
                         net (fo=14, estimated)       1.887     8.196    i_dsp/dac_saturate[1]/input_i[16]
    SLICE_X43Y40         LUT6 (Prop_lut6_I3_O)        0.299     8.495 r  i_dsp/dac_saturate[1]/output_o[1]_INST_0/O
                         net (fo=10, estimated)       1.582    10.077    dac_dat_b[1]_i_1_n_0
    SLICE_X43Y83         FDRE                                         r  dac_dat_b_reg[1]/D
  -------------------------------------------------------------------    -------------------

                         (clock pll_dac_clk_1x rise edge)
                                                      8.000     8.000 r  
    U18                                               0.000     8.000 r  adc_clk_p_i (IN)
                         net (fo=0)                   0.000     8.000    adc_clk_p_i
    U18                  IBUFDS (Prop_ibufds_I_O)     0.940     8.940 r  i_clk/O
                         net (fo=1, estimated)        1.241    10.181    pll/clk
    PLLE2_ADV_X0Y0       PLLE2_ADV (Prop_plle2_adv_CLKIN1_CLKOUT1)
                                                      0.084    10.265 r  pll/pll/CLKOUT1
                         net (fo=1, estimated)        1.666    11.931    pll_dac_clk_1x
    BUFGCTRL_X0Y2        BUFG (Prop_bufg_I_O)         0.091    12.022 r  bufg_dac_clk_1x/O
                         net (fo=45, estimated)       1.555    13.577    dac_clk_1x
    SLICE_X43Y83         FDRE                                         r  dac_dat_b_reg[1]/C
                         clock pessimism              0.113    13.690    
                         clock uncertainty           -0.189    13.502    
    SLICE_X43Y83         FDRE (Setup_fdre_C_D)       -0.081    13.421    dac_dat_b_reg[1]
  -------------------------------------------------------------------
                         required time                         13.421    
                         arrival time                         -10.077    
  -------------------------------------------------------------------
                         slack                                  3.343    





Min Delay Paths
--------------------------------------------------------------------------------------
Slack (MET) :             0.262ns  (arrival time - required time)
  Source:                 i_dsp/sum2_reg[17]/C
                            (rising edge-triggered cell FDRE clocked by pll_adc_clk  {rise@0.000ns fall@4.000ns period=8.000ns})
  Destination:            dac_dat_b_reg[9]/D
                            (rising edge-triggered cell FDRE clocked by pll_dac_clk_1x  {rise@0.000ns fall@4.000ns period=8.000ns})
  Path Group:             pll_dac_clk_1x
  Path Type:              Hold (Min at Fast Process Corner)
  Requirement:            0.000ns  (pll_dac_clk_1x rise@0.000ns - pll_adc_clk rise@0.000ns)
  Data Path Delay:        0.869ns  (logic 0.246ns (28.294%)  route 0.623ns (71.706%))
  Logic Levels:           1  (LUT6=1)
  Clock Path Skew:        0.341ns (DCD - SCD - CPR)
    Destination Clock Delay (DCD):    2.727ns
    Source Clock Delay      (SCD):    2.322ns
    Clock Pessimism Removal (CPR):    0.063ns
  Clock Uncertainty:      0.189ns  ((TSJ^2 + DJ^2)^1/2) / 2 + PE
    Total System Jitter     (TSJ):    0.071ns
    Discrete Jitter          (DJ):    0.118ns
    Phase Error              (PE):    0.120ns

    Location             Delay type                Incr(ns)  Path(ns)    Netlist Resource(s)
  -------------------------------------------------------------------    -------------------
                         (clock pll_adc_clk rise edge)
                                                      0.000     0.000 r  
    U18                                               0.000     0.000 r  adc_clk_p_i (IN)
                         net (fo=0)                   0.000     0.000    adc_clk_p_i
    U18                  IBUFDS (Prop_ibufds_I_O)     0.401     0.401 r  i_clk/O
                         net (fo=1, estimated)        0.551     0.952    pll/clk
    PLLE2_ADV_X0Y0       PLLE2_ADV (Prop_plle2_adv_CLKIN1_CLKOUT0)
                                                      0.051     1.003 r  pll/pll/CLKOUT0
                         net (fo=1, estimated)        0.739     1.742    pll_adc_clk
    BUFGCTRL_X0Y0        BUFG (Prop_bufg_I_O)         0.026     1.768 r  bufg_adc_clk/O
                         net (fo=8035, estimated)     0.554     2.322    i_dsp/clk_i
    SLICE_X24Y57         FDRE                                         r  i_dsp/sum2_reg[17]/C
  -------------------------------------------------------------------    -------------------
    SLICE_X24Y57         FDRE (Prop_fdre_C_Q)         0.148     2.470 r  i_dsp/sum2_reg[17]/Q
                         net (fo=26, estimated)       0.149     2.620    i_dsp/dac_saturate[1]/input_i[17]
    SLICE_X23Y57         LUT6 (Prop_lut6_I5_O)        0.098     2.718 r  i_dsp/dac_saturate[1]/output_o[9]_INST_0/O
                         net (fo=12, estimated)       0.474     3.192    dac_dat_b[9]_i_1_n_0
    SLICE_X43Y62         FDRE                                         r  dac_dat_b_reg[9]/D
  -------------------------------------------------------------------    -------------------

                         (clock pll_dac_clk_1x rise edge)
                                                      0.000     0.000 r  
    U18                                               0.000     0.000 r  adc_clk_p_i (IN)
                         net (fo=0)                   0.000     0.000    adc_clk_p_i
    U18                  IBUFDS (Prop_ibufds_I_O)     0.433     0.433 r  i_clk/O
                         net (fo=1, estimated)        0.579     1.012    pll/clk
    PLLE2_ADV_X0Y0       PLLE2_ADV (Prop_plle2_adv_CLKIN1_CLKOUT1)
                                                      0.054     1.066 r  pll/pll/CLKOUT1
                         net (fo=1, estimated)        0.778     1.845    pll_dac_clk_1x
    BUFGCTRL_X0Y2        BUFG (Prop_bufg_I_O)         0.029     1.874 r  bufg_dac_clk_1x/O
                         net (fo=45, estimated)       0.853     2.727    dac_clk_1x
    SLICE_X43Y62         FDRE                                         r  dac_dat_b_reg[9]/C
                         clock pessimism             -0.063     2.663    
                         clock uncertainty            0.189     2.852    
    SLICE_X43Y62         FDRE (Hold_fdre_C_D)         0.078     2.930    dac_dat_b_reg[9]
  -------------------------------------------------------------------
                         required time                         -2.930    
                         arrival time                           3.192    
  -------------------------------------------------------------------
                         slack                                  0.262    





---------------------------------------------------------------------------------------------------
From Clock:  pll_adc_clk
  To Clock:  pll_pwm_clk

Setup :          132  Failing Endpoints,  Worst Slack       -2.383ns,  Total Violation     -282.589ns
Hold  :           86  Failing Endpoints,  Worst Slack       -0.335ns,  Total Violation      -15.302ns
---------------------------------------------------------------------------------------------------


Max Delay Paths
--------------------------------------------------------------------------------------
Slack (VIOLATED) :        -2.383ns  (required time - arrival time)
  Source:                 i_ams/pwm_freq_div_o3_reg[1]/C
                            (rising edge-triggered cell FDRE clocked by pll_adc_clk  {rise@0.000ns fall@4.000ns period=8.000ns})
  Destination:            pwm_gen_inst[3].pwm_inst/div_counter_reg[12]/R
                            (rising edge-triggered cell FDRE clocked by pll_pwm_clk  {rise@0.000ns fall@2.000ns period=4.000ns})
  Path Group:             pll_pwm_clk
  Path Type:              Setup (Max at Slow Process Corner)
  Requirement:            4.000ns  (pll_pwm_clk rise@4.000ns - pll_adc_clk rise@0.000ns)
  Data Path Delay:        5.394ns  (logic 2.924ns (54.208%)  route 2.470ns (45.792%))
  Logic Levels:           12  (CARRY4=9 LUT1=1 LUT2=1 LUT4=1)
  Clock Path Skew:        -0.276ns (DCD - SCD + CPR)
    Destination Clock Delay (DCD):    5.576ns = ( 9.576 - 4.000 ) 
    Source Clock Delay      (SCD):    5.965ns
    Clock Pessimism Removal (CPR):    0.113ns
  Clock Uncertainty:      0.189ns  ((TSJ^2 + DJ^2)^1/2) / 2 + PE
    Total System Jitter     (TSJ):    0.071ns
    Discrete Jitter          (DJ):    0.118ns
    Phase Error              (PE):    0.120ns

    Location             Delay type                Incr(ns)  Path(ns)    Netlist Resource(s)
  -------------------------------------------------------------------    -------------------
                         (clock pll_adc_clk rise edge)
                                                      0.000     0.000 r  
    U18                                               0.000     0.000 r  adc_clk_p_i (IN)
                         net (fo=0)                   0.000     0.000    adc_clk_p_i
    U18                  IBUFDS (Prop_ibufds_I_O)     0.983     0.983 r  i_clk/O
                         net (fo=1, estimated)        1.306     2.289    pll/clk
    PLLE2_ADV_X0Y0       PLLE2_ADV (Prop_plle2_adv_CLKIN1_CLKOUT0)
                                                      0.089     2.378 r  pll/pll/CLKOUT0
                         net (fo=1, estimated)        1.754     4.132    pll_adc_clk
    BUFGCTRL_X0Y0        BUFG (Prop_bufg_I_O)         0.101     4.233 r  bufg_adc_clk/O
                         net (fo=8035, estimated)     1.732     5.965    i_ams/clk_i
    SLICE_X38Y63         FDRE                                         r  i_ams/pwm_freq_div_o3_reg[1]/C
  -------------------------------------------------------------------    -------------------
    SLICE_X38Y63         FDRE (Prop_fdre_C_Q)         0.518     6.483 f  i_ams/pwm_freq_div_o3_reg[1]/Q
                         net (fo=3, estimated)        0.430     6.913    pwm_gen_inst[3].pwm_inst/freq_div[1]
    SLICE_X36Y64         LUT1 (Prop_lut1_I0_O)        0.124     7.037 r  pwm_gen_inst[3].pwm_inst/div_counter[0]_i_78/O
                         net (fo=1, routed)           0.000     7.037    pwm_gen_inst[3].pwm_inst/div_counter[0]_i_78_n_0
    SLICE_X36Y64         CARRY4 (Prop_carry4_S[0]_CO[3])
                                                      0.532     7.569 r  pwm_gen_inst[3].pwm_inst/div_counter_reg[0]_i_66/CO[3]
                         net (fo=1, estimated)        0.000     7.569    pwm_gen_inst[3].pwm_inst/div_counter_reg[0]_i_66_n_0
    SLICE_X36Y65         CARRY4 (Prop_carry4_CI_CO[3])
                                                      0.114     7.683 r  pwm_gen_inst[3].pwm_inst/div_counter_reg[0]_i_57/CO[3]
                         net (fo=1, estimated)        0.000     7.683    pwm_gen_inst[3].pwm_inst/div_counter_reg[0]_i_57_n_0
    SLICE_X36Y66         CARRY4 (Prop_carry4_CI_CO[3])
                                                      0.114     7.797 r  pwm_gen_inst[3].pwm_inst/div_counter_reg[0]_i_56/CO[3]
                         net (fo=1, estimated)        0.000     7.797    pwm_gen_inst[3].pwm_inst/div_counter_reg[0]_i_56_n_0
    SLICE_X36Y67         CARRY4 (Prop_carry4_CI_CO[3])
                                                      0.114     7.911 r  pwm_gen_inst[3].pwm_inst/div_counter_reg[0]_i_36/CO[3]
                         net (fo=1, estimated)        0.000     7.911    pwm_gen_inst[3].pwm_inst/div_counter_reg[0]_i_36_n_0
    SLICE_X36Y68         CARRY4 (Prop_carry4_CI_CO[3])
                                                      0.114     8.025 r  pwm_gen_inst[3].pwm_inst/div_counter_reg[0]_i_35/CO[3]
                         net (fo=1, estimated)        0.000     8.025    pwm_gen_inst[3].pwm_inst/div_counter_reg[0]_i_35_n_0
    SLICE_X36Y69         CARRY4 (Prop_carry4_CI_CO[3])
                                                      0.114     8.139 r  pwm_gen_inst[3].pwm_inst/div_counter_reg[0]_i_25/CO[3]
                         net (fo=1, estimated)        0.000     8.139    pwm_gen_inst[3].pwm_inst/div_counter_reg[0]_i_25_n_0
    SLICE_X36Y70         CARRY4 (Prop_carry4_CI_CO[3])
                                                      0.114     8.253 r  pwm_gen_inst[3].pwm_inst/div_counter_reg[0]_i_24/CO[3]
                         net (fo=1, estimated)        0.000     8.253    pwm_gen_inst[3].pwm_inst/div_counter_reg[0]_i_24_n_0
    SLICE_X36Y71         CARRY4 (Prop_carry4_CI_O[2])
                                                      0.239     8.492 r  pwm_gen_inst[3].pwm_inst/div_counter_reg[0]_i_23/O[2]
                         net (fo=2, estimated)        0.782     9.274    pwm_gen_inst[3].pwm_inst/div_counter1[31]
    SLICE_X37Y68         LUT4 (Prop_lut4_I0_O)        0.302     9.576 r  pwm_gen_inst[3].pwm_inst/div_counter[0]_i_10/O
                         net (fo=1, routed)           0.000     9.576    pwm_gen_inst[3].pwm_inst/div_counter[0]_i_10_n_0
    SLICE_X37Y68         CARRY4 (Prop_carry4_S[3]_CO[3])
                                                      0.401     9.977 r  pwm_gen_inst[3].pwm_inst/div_counter_reg[0]_i_3/CO[3]
                         net (fo=2, estimated)        0.560    10.537    pwm_gen_inst[3].pwm_inst/div_counter_reg[0]_i_3_n_0
    SLICE_X37Y69         LUT2 (Prop_lut2_I0_O)        0.124    10.661 r  pwm_gen_inst[3].pwm_inst/div_counter[0]_i_1/O
                         net (fo=32, estimated)       0.698    11.359    pwm_gen_inst[3].pwm_inst/div_counter[0]_i_1_n_0
    SLICE_X38Y66         FDRE                                         r  pwm_gen_inst[3].pwm_inst/div_counter_reg[12]/R
  -------------------------------------------------------------------    -------------------

                         (clock pll_pwm_clk rise edge)
                                                      4.000     4.000 r  
    U18                                               0.000     4.000 r  adc_clk_p_i (IN)
                         net (fo=0)                   0.000     4.000    adc_clk_p_i
    U18                  IBUFDS (Prop_ibufds_I_O)     0.940     4.940 r  i_clk/O
                         net (fo=1, estimated)        1.241     6.181    pll/clk
    PLLE2_ADV_X0Y0       PLLE2_ADV (Prop_plle2_adv_CLKIN1_CLKOUT5)
                                                      0.084     6.265 r  pll/pll/CLKOUT5
                         net (fo=1, estimated)        1.666     7.931    pll_pwm_clk
    BUFGCTRL_X0Y5        BUFG (Prop_bufg_I_O)         0.091     8.022 r  bufg_pwm_clk/O
                         net (fo=347, estimated)      1.554     9.576    pwm_gen_inst[3].pwm_inst/clk
    SLICE_X38Y66         FDRE                                         r  pwm_gen_inst[3].pwm_inst/div_counter_reg[12]/C
                         clock pessimism              0.113     9.689    
                         clock uncertainty           -0.189     9.501    
    SLICE_X38Y66         FDRE (Setup_fdre_C_R)       -0.524     8.977    pwm_gen_inst[3].pwm_inst/div_counter_reg[12]
  -------------------------------------------------------------------
                         required time                          8.977    
                         arrival time                         -11.359    
  -------------------------------------------------------------------
                         slack                                 -2.383    





Min Delay Paths
--------------------------------------------------------------------------------------
Slack (VIOLATED) :        -0.335ns  (arrival time - required time)
  Source:                 i_ams/dac_c_o_reg[5]/C
                            (rising edge-triggered cell FDRE clocked by pll_adc_clk  {rise@0.000ns fall@4.000ns period=8.000ns})
  Destination:            pwm_gen_inst[2].pwm_inst/b_reg[5]/D
                            (rising edge-triggered cell FDRE clocked by pll_pwm_clk  {rise@0.000ns fall@2.000ns period=4.000ns})
  Path Group:             pll_pwm_clk
  Path Type:              Hold (Min at Fast Process Corner)
  Requirement:            0.000ns  (pll_pwm_clk rise@0.000ns - pll_adc_clk rise@0.000ns)
  Data Path Delay:        0.256ns  (logic 0.186ns (72.545%)  route 0.070ns (27.455%))
  Logic Levels:           1  (LUT6=1)
  Clock Path Skew:        0.311ns (DCD - SCD - CPR)
    Destination Clock Delay (DCD):    2.724ns
    Source Clock Delay      (SCD):    2.349ns
    Clock Pessimism Removal (CPR):    0.063ns
  Clock Uncertainty:      0.189ns  ((TSJ^2 + DJ^2)^1/2) / 2 + PE
    Total System Jitter     (TSJ):    0.071ns
    Discrete Jitter          (DJ):    0.118ns
    Phase Error              (PE):    0.120ns

    Location             Delay type                Incr(ns)  Path(ns)    Netlist Resource(s)
  -------------------------------------------------------------------    -------------------
                         (clock pll_adc_clk rise edge)
                                                      0.000     0.000 r  
    U18                                               0.000     0.000 r  adc_clk_p_i (IN)
                         net (fo=0)                   0.000     0.000    adc_clk_p_i
    U18                  IBUFDS (Prop_ibufds_I_O)     0.401     0.401 r  i_clk/O
                         net (fo=1, estimated)        0.551     0.952    pll/clk
    PLLE2_ADV_X0Y0       PLLE2_ADV (Prop_plle2_adv_CLKIN1_CLKOUT0)
                                                      0.051     1.003 r  pll/pll/CLKOUT0
                         net (fo=1, estimated)        0.739     1.742    pll_adc_clk
    BUFGCTRL_X0Y0        BUFG (Prop_bufg_I_O)         0.026     1.768 r  bufg_adc_clk/O
                         net (fo=8035, estimated)     0.581     2.349    i_ams/clk_i
    SLICE_X36Y64         FDRE                                         r  i_ams/dac_c_o_reg[5]/C
  -------------------------------------------------------------------    -------------------
    SLICE_X36Y64         FDRE (Prop_fdre_C_Q)         0.141     2.490 r  i_ams/dac_c_o_reg[5]/Q
                         net (fo=2, estimated)        0.070     2.561    pwm_gen_inst[2].pwm_inst/cfg[5]
    SLICE_X37Y64         LUT6 (Prop_lut6_I5_O)        0.045     2.606 r  pwm_gen_inst[2].pwm_inst/b[5]_i_1/O
                         net (fo=1, routed)           0.000     2.606    pwm_gen_inst[2].pwm_inst/p_0_in[5]
    SLICE_X37Y64         FDRE                                         r  pwm_gen_inst[2].pwm_inst/b_reg[5]/D
  -------------------------------------------------------------------    -------------------

                         (clock pll_pwm_clk rise edge)
                                                      0.000     0.000 r  
    U18                                               0.000     0.000 r  adc_clk_p_i (IN)
                         net (fo=0)                   0.000     0.000    adc_clk_p_i
    U18                  IBUFDS (Prop_ibufds_I_O)     0.433     0.433 r  i_clk/O
                         net (fo=1, estimated)        0.579     1.012    pll/clk
    PLLE2_ADV_X0Y0       PLLE2_ADV (Prop_plle2_adv_CLKIN1_CLKOUT5)
                                                      0.054     1.066 r  pll/pll/CLKOUT5
                         net (fo=1, estimated)        0.778     1.845    pll_pwm_clk
    BUFGCTRL_X0Y5        BUFG (Prop_bufg_I_O)         0.029     1.874 r  bufg_pwm_clk/O
                         net (fo=347, estimated)      0.850     2.724    pwm_gen_inst[2].pwm_inst/clk
    SLICE_X37Y64         FDRE                                         r  pwm_gen_inst[2].pwm_inst/b_reg[5]/C
                         clock pessimism             -0.063     2.660    
                         clock uncertainty            0.189     2.849    
    SLICE_X37Y64         FDRE (Hold_fdre_C_D)         0.092     2.941    pwm_gen_inst[2].pwm_inst/b_reg[5]
  -------------------------------------------------------------------
                         required time                         -2.941    
                         arrival time                           2.606    
  -------------------------------------------------------------------
                         slack                                 -0.335    





