Copyright 1986-2022 Xilinx, Inc. All Rights Reserved. Copyright 2022-2024 Advanced Micro Devices, Inc. All Rights Reserved.
---------------------------------------------------------------------------------------------------------------------------------------------
| Tool Version : Vivado v.2024.2 (win64) Build 5239630 Fri Nov 08 22:35:27 MST 2024
| Date         : Fri Nov 21 17:20:57 2025
| Host         : aqut-13 running 64-bit major release  (build 9200)
| Command      : report_timing_summary -file out/post_route_timing_summary.rpt
| Design       : red_pitaya_top
| Device       : 7z010-clg400
| Speed File   : -1  PRODUCTION 1.12 2019-11-22
| Design State : Routed
---------------------------------------------------------------------------------------------------------------------------------------------

Timing Summary Report

------------------------------------------------------------------------------------------------
| Timer Settings
| --------------
------------------------------------------------------------------------------------------------

  Enable Multi Corner Analysis               :  Yes
  Enable Pessimism Removal                   :  Yes
  Pessimism Removal Resolution               :  Nearest Common Node
  Enable Input Delay Default Clock           :  No
  Enable Preset / Clear Arcs                 :  No
  Disable Flight Delays                      :  No
  Ignore I/O Paths                           :  No
  Timing Early Launch at Borrowing Latches   :  No
  Borrow Time for Max Delay Exceptions       :  Yes
  Merge Timing Exceptions                    :  Yes
  Inter-SLR Compensation                     :  Conservative

  Corner  Analyze    Analyze    
  Name    Max Paths  Min Paths  
  ------  ---------  ---------  
  Slow    Yes        Yes        
  Fast    Yes        Yes        


------------------------------------------------------------------------------------------------
| Report Methodology
| ------------------
------------------------------------------------------------------------------------------------

No report available as report_methodology has not been run prior. Run report_methodology on the current design for the summary of methodology violations.



check_timing report

Table of Contents
-----------------
1. checking no_clock (1)
2. checking constant_clock (0)
3. checking pulse_width_clock (0)
4. checking unconstrained_internal_endpoints (2)
5. checking no_input_delay (16)
6. checking no_output_delay (46)
7. checking multiple_clock (0)
8. checking generated_clocks (0)
9. checking loops (0)
10. checking partial_input_delay (0)
11. checking partial_output_delay (0)
12. checking latch_loops (0)

1. checking no_clock (1)
------------------------
 There is 1 register/latch pin with no clock driven by root clock pin: i_hk/dna_clk_reg/Q (HIGH)


2. checking constant_clock (0)
------------------------------
 There are 0 register/latch pins with constant_clock.


3. checking pulse_width_clock (0)
---------------------------------
 There are 0 register/latch pins which need pulse_width check


4. checking unconstrained_internal_endpoints (2)
------------------------------------------------
 There are 2 pins that are not constrained for maximum delay. (HIGH)

 There are 0 pins that are not constrained for maximum delay due to constant clock.


5. checking no_input_delay (16)
-------------------------------
 There are 16 input ports with no input delay specified. (HIGH)

 There are 0 input ports with no input delay but user has a false path constraint.


6. checking no_output_delay (46)
--------------------------------
 There are 46 ports with no output delay specified. (HIGH)

 There are 0 ports with no output delay but user has a false path constraint

 There are 0 ports with no output delay but with a timing clock defined on it or propagating through it


7. checking multiple_clock (0)
------------------------------
 There are 0 register/latch pins with multiple clocks.


8. checking generated_clocks (0)
--------------------------------
 There are 0 generated clocks that are not connected to a clock source.


9. checking loops (0)
---------------------
 There are 0 combinational loops in the design.


10. checking partial_input_delay (0)
------------------------------------
 There are 0 input ports with partial input delay specified.


11. checking partial_output_delay (0)
-------------------------------------
 There are 0 ports with partial output delay specified.


12. checking latch_loops (0)
----------------------------
 There are 0 combinational latch loops in the design through latch input



------------------------------------------------------------------------------------------------
| Design Timing Summary
| ---------------------
------------------------------------------------------------------------------------------------

    WNS(ns)      TNS(ns)  TNS Failing Endpoints  TNS Total Endpoints      WHS(ns)      THS(ns)  THS Failing Endpoints  THS Total Endpoints     WPWS(ns)     TPWS(ns)  TPWS Failing Endpoints  TPWS Total Endpoints  
    -------      -------  ---------------------  -------------------      -------      -------  ---------------------  -------------------     --------     --------  ----------------------  --------------------  
     -5.029    -4420.084                   4641                25267       -2.162      -58.825                     28                25267        1.000        0.000                       0                  9190  


Timing constraints are not met.


------------------------------------------------------------------------------------------------
| Clock Summary
| -------------
------------------------------------------------------------------------------------------------

Clock             Waveform(ns)         Period(ns)      Frequency(MHz)
-----             ------------         ----------      --------------
adc_clk           {0.000 4.000}        8.000           125.000         
  clk_fb          {0.000 4.000}        8.000           125.000         
  pll_adc_clk     {0.000 4.000}        8.000           125.000         
  pll_dac_clk_1x  {0.000 4.000}        8.000           125.000         
  pll_dac_clk_2p  {-0.500 1.500}       4.000           250.000         
  pll_dac_clk_2x  {0.000 2.000}        4.000           250.000         
  pll_pwm_clk     {0.000 2.000}        4.000           250.000         
clk_fpga_0        {0.000 4.000}        8.000           125.000         
clk_fpga_1        {0.000 2.000}        4.000           250.000         
clk_fpga_2        {0.000 10.000}       20.000          50.000          
clk_fpga_3        {0.000 2.500}        5.000           200.000         
rx_clk            {0.000 2.000}        4.000           250.000         


------------------------------------------------------------------------------------------------
| Intra Clock Table
| -----------------
------------------------------------------------------------------------------------------------

Clock                 WNS(ns)      TNS(ns)  TNS Failing Endpoints  TNS Total Endpoints      WHS(ns)      THS(ns)  THS Failing Endpoints  THS Total Endpoints     WPWS(ns)     TPWS(ns)  TPWS Failing Endpoints  TPWS Total Endpoints  
-----                 -------      -------  ---------------------  -------------------      -------      -------  ---------------------  -------------------     --------     --------  ----------------------  --------------------  
adc_clk                                                                                                                                                             2.000        0.000                       0                     1  
  clk_fb                                                                                                                                                            6.751        0.000                       0                     2  
  pll_adc_clk          -5.029    -4085.015                   4501                22747        0.051        0.000                      0                22747        3.500        0.000                       0                  8034  
  pll_dac_clk_1x        0.586        0.000                      0                   45        0.378        0.000                      0                   45        3.500        0.000                       0                    47  
  pll_dac_clk_2p                                                                                                                                                    1.845        0.000                       0                     3  
  pll_dac_clk_2x                                                                                                                                                    1.845        0.000                       0                     3  
  pll_pwm_clk          -1.444     -107.079                    130                  708        0.135        0.000                      0                  708        1.500        0.000                       0                   349  
clk_fpga_3              0.007        0.000                      0                 1679        0.055        0.000                      0                 1679        1.000        0.000                       0                   751  


------------------------------------------------------------------------------------------------
| Inter Clock Table
| -----------------
------------------------------------------------------------------------------------------------

From Clock      To Clock            WNS(ns)      TNS(ns)  TNS Failing Endpoints  TNS Total Endpoints      WHS(ns)      THS(ns)  THS Failing Endpoints  THS Total Endpoints  
----------      --------            -------      -------  ---------------------  -------------------      -------      -------  ---------------------  -------------------  
adc_clk         pll_adc_clk           5.939        0.000                      0                   28       -2.162      -58.825                     28                   28  
pll_pwm_clk     pll_adc_clk           0.721        0.000                      0                    4        0.233        0.000                      0                    4  
pll_adc_clk     pll_dac_clk_1x        2.164        0.000                      0                   28        0.561        0.000                      0                   28  
pll_adc_clk     pll_pwm_clk          -2.885     -334.982                    139                  408        0.156        0.000                      0                  408  


------------------------------------------------------------------------------------------------
| Other Path Groups Table
| -----------------------
------------------------------------------------------------------------------------------------

Path Group    From Clock    To Clock          WNS(ns)      TNS(ns)  TNS Failing Endpoints  TNS Total Endpoints      WHS(ns)      THS(ns)  THS Failing Endpoints  THS Total Endpoints  
----------    ----------    --------          -------      -------  ---------------------  -------------------      -------      -------  ---------------------  -------------------  


------------------------------------------------------------------------------------------------
| Timing Details
| --------------
------------------------------------------------------------------------------------------------


---------------------------------------------------------------------------------------------------
From Clock:  adc_clk
  To Clock:  adc_clk

Setup :           NA  Failing Endpoints,  Worst Slack           NA  ,  Total Violation           NA
Hold  :           NA  Failing Endpoints,  Worst Slack           NA  ,  Total Violation           NA
PW    :            0  Failing Endpoints,  Worst Slack        2.000ns,  Total Violation        0.000ns
---------------------------------------------------------------------------------------------------


Pulse Width Checks
--------------------------------------------------------------------------------------
Clock Name:         adc_clk
Waveform(ns):       { 0.000 4.000 }
Period(ns):         8.000
Sources:            { adc_clk_p_i }

Check Type        Corner  Lib Pin           Reference Pin  Required(ns)  Actual(ns)  Slack(ns)  Location        Pin
Min Period        n/a     PLLE2_ADV/CLKIN1  n/a            1.249         8.000       6.751      PLLE2_ADV_X0Y0  pll/pll/CLKIN1
Max Period        n/a     PLLE2_ADV/CLKIN1  n/a            52.633        8.000       44.633     PLLE2_ADV_X0Y0  pll/pll/CLKIN1
Low Pulse Width   Slow    PLLE2_ADV/CLKIN1  n/a            2.000         4.000       2.000      PLLE2_ADV_X0Y0  pll/pll/CLKIN1
High Pulse Width  Slow    PLLE2_ADV/CLKIN1  n/a            2.000         4.000       2.000      PLLE2_ADV_X0Y0  pll/pll/CLKIN1



---------------------------------------------------------------------------------------------------
From Clock:  clk_fb
  To Clock:  clk_fb

Setup :           NA  Failing Endpoints,  Worst Slack           NA  ,  Total Violation           NA
Hold  :           NA  Failing Endpoints,  Worst Slack           NA  ,  Total Violation           NA
PW    :            0  Failing Endpoints,  Worst Slack        6.751ns,  Total Violation        0.000ns
---------------------------------------------------------------------------------------------------


Pulse Width Checks
--------------------------------------------------------------------------------------
Clock Name:         clk_fb
Waveform(ns):       { 0.000 4.000 }
Period(ns):         8.000
Sources:            { pll/pll/CLKFBOUT }

Check Type  Corner  Lib Pin             Reference Pin  Required(ns)  Actual(ns)  Slack(ns)  Location        Pin
Min Period  n/a     PLLE2_ADV/CLKFBOUT  n/a            1.249         8.000       6.751      PLLE2_ADV_X0Y0  pll/pll/CLKFBOUT
Max Period  n/a     PLLE2_ADV/CLKFBIN   n/a            52.633        8.000       44.633     PLLE2_ADV_X0Y0  pll/pll/CLKFBIN



---------------------------------------------------------------------------------------------------
From Clock:  pll_adc_clk
  To Clock:  pll_adc_clk

Setup :         4501  Failing Endpoints,  Worst Slack       -5.029ns,  Total Violation    -4085.015ns
Hold  :            0  Failing Endpoints,  Worst Slack        0.051ns,  Total Violation        0.000ns
PW    :            0  Failing Endpoints,  Worst Slack        3.500ns,  Total Violation        0.000ns
---------------------------------------------------------------------------------------------------


Max Delay Paths
--------------------------------------------------------------------------------------
Slack (VIOLATED) :        -5.029ns  (required time - arrival time)
  Source:                 i_dsp/genblk3[4].iir/y1a_reg[2]/C
                            (rising edge-triggered cell FDRE clocked by pll_adc_clk  {rise@0.000ns fall@4.000ns period=8.000ns})
  Destination:            i_dsp/genblk3[4].iir/p_ay1_reg[16]/D
                            (rising edge-triggered cell FDRE clocked by pll_adc_clk  {rise@0.000ns fall@4.000ns period=8.000ns})
  Path Group:             pll_adc_clk
  Path Type:              Setup (Max at Slow Process Corner)
  Requirement:            8.000ns  (pll_adc_clk rise@8.000ns - pll_adc_clk rise@0.000ns)
  Data Path Delay:        12.915ns  (logic 9.483ns (73.428%)  route 3.432ns (26.572%))
  Logic Levels:           17  (CARRY4=13 DSP48E1=2 LUT2=1 LUT5=1)
  Clock Path Skew:        -0.074ns (DCD - SCD + CPR)
    Destination Clock Delay (DCD):    5.380ns = ( 13.380 - 8.000 ) 
    Source Clock Delay      (SCD):    5.912ns
    Clock Pessimism Removal (CPR):    0.458ns
  Clock Uncertainty:      0.069ns  ((TSJ^2 + DJ^2)^1/2) / 2 + PE
    Total System Jitter     (TSJ):    0.071ns
    Discrete Jitter          (DJ):    0.118ns
    Phase Error              (PE):    0.000ns

    Location             Delay type                Incr(ns)  Path(ns)    Netlist Resource(s)
  -------------------------------------------------------------------    -------------------
                         (clock pll_adc_clk rise edge)
                                                      0.000     0.000 r  
    U18                                               0.000     0.000 r  adc_clk_p_i (IN)
                         net (fo=0)                   0.000     0.000    adc_clk_p_i
    U18                  IBUFDS (Prop_ibufds_I_O)     0.983     0.983 r  i_clk/O
                         net (fo=1, routed)           1.306     2.289    pll/clk
    PLLE2_ADV_X0Y0       PLLE2_ADV (Prop_plle2_adv_CLKIN1_CLKOUT0)
                                                      0.089     2.378 r  pll/pll/CLKOUT0
                         net (fo=1, routed)           1.754     4.132    pll_adc_clk
    BUFGCTRL_X0Y0        BUFG (Prop_bufg_I_O)         0.101     4.233 r  bufg_adc_clk/O
                         net (fo=8035, routed)        1.679     5.912    i_dsp/genblk3[4].iir/clk_i
    SLICE_X8Y10          FDRE                                         r  i_dsp/genblk3[4].iir/y1a_reg[2]/C
  -------------------------------------------------------------------    -------------------
    SLICE_X8Y10          FDRE (Prop_fdre_C_Q)         0.518     6.430 r  i_dsp/genblk3[4].iir/y1a_reg[2]/Q
                         net (fo=1, routed)           0.567     6.997    i_dsp/genblk3[4].iir/p_ay1_module/factor1_i[2]
    DSP48_X0Y4           DSP48E1 (Prop_dsp48e1_A[2]_PCOUT[47])
                                                      4.036    11.033 r  i_dsp/genblk3[4].iir/p_ay1_module/product0__1/PCOUT[47]
                         net (fo=1, routed)           0.002    11.035    i_dsp/genblk3[4].iir/p_ay1_module/product0__1_n_106
    DSP48_X0Y5           DSP48E1 (Prop_dsp48e1_PCIN[47]_P[0])
                                                      1.518    12.553 r  i_dsp/genblk3[4].iir/p_ay1_module/product0__2/P[0]
                         net (fo=2, routed)           1.243    13.795    i_dsp/genblk3[4].iir/p_ay1_module/product0__2_n_105
    SLICE_X16Y8          LUT2 (Prop_lut2_I0_O)        0.124    13.919 r  i_dsp/genblk3[4].iir/p_ay1_module/product_o[1]_INST_0_i_16/O
                         net (fo=1, routed)           0.000    13.919    i_dsp/genblk3[4].iir/p_ay1_module/product_o[1]_INST_0_i_16_n_0
    SLICE_X16Y8          CARRY4 (Prop_carry4_S[1]_CO[3])
                                                      0.533    14.452 r  i_dsp/genblk3[4].iir/p_ay1_module/product_o[1]_INST_0_i_9/CO[3]
                         net (fo=1, routed)           0.000    14.452    i_dsp/genblk3[4].iir/p_ay1_module/product_o[1]_INST_0_i_9_n_0
    SLICE_X16Y9          CARRY4 (Prop_carry4_CI_CO[3])
                                                      0.117    14.569 r  i_dsp/genblk3[4].iir/p_ay1_module/product_o[1]_INST_0_i_4/CO[3]
                         net (fo=1, routed)           0.000    14.569    i_dsp/genblk3[4].iir/p_ay1_module/product_o[1]_INST_0_i_4_n_0
    SLICE_X16Y10         CARRY4 (Prop_carry4_CI_CO[3])
                                                      0.117    14.686 r  i_dsp/genblk3[4].iir/p_ay1_module/product_o[1]_INST_0_i_3/CO[3]
                         net (fo=1, routed)           0.000    14.686    i_dsp/genblk3[4].iir/p_ay1_module/product_o[1]_INST_0_i_3_n_0
    SLICE_X16Y11         CARRY4 (Prop_carry4_CI_CO[3])
                                                      0.117    14.803 r  i_dsp/genblk3[4].iir/p_ay1_module/product_o[5]_INST_0_i_2/CO[3]
                         net (fo=1, routed)           0.000    14.803    i_dsp/genblk3[4].iir/p_ay1_module/product_o[5]_INST_0_i_2_n_0
    SLICE_X16Y12         CARRY4 (Prop_carry4_CI_CO[3])
                                                      0.117    14.920 r  i_dsp/genblk3[4].iir/p_ay1_module/product_o[9]_INST_0_i_2/CO[3]
                         net (fo=1, routed)           0.000    14.920    i_dsp/genblk3[4].iir/p_ay1_module/product_o[9]_INST_0_i_2_n_0
    SLICE_X16Y13         CARRY4 (Prop_carry4_CI_CO[3])
                                                      0.117    15.037 r  i_dsp/genblk3[4].iir/p_ay1_module/product_o[13]_INST_0_i_2/CO[3]
                         net (fo=1, routed)           0.000    15.037    i_dsp/genblk3[4].iir/p_ay1_module/product_o[13]_INST_0_i_2_n_0
    SLICE_X16Y14         CARRY4 (Prop_carry4_CI_CO[3])
                                                      0.117    15.154 r  i_dsp/genblk3[4].iir/p_ay1_module/product_o[17]_INST_0_i_2/CO[3]
                         net (fo=1, routed)           0.000    15.154    i_dsp/genblk3[4].iir/p_ay1_module/product_o[17]_INST_0_i_2_n_0
    SLICE_X16Y15         CARRY4 (Prop_carry4_CI_CO[3])
                                                      0.117    15.271 r  i_dsp/genblk3[4].iir/p_ay1_module/product_o[21]_INST_0_i_2/CO[3]
                         net (fo=1, routed)           0.000    15.271    i_dsp/genblk3[4].iir/p_ay1_module/product_o[21]_INST_0_i_2_n_0
    SLICE_X16Y16         CARRY4 (Prop_carry4_CI_CO[3])
                                                      0.117    15.388 r  i_dsp/genblk3[4].iir/p_ay1_module/product_o[25]_INST_0_i_2/CO[3]
                         net (fo=1, routed)           0.000    15.388    i_dsp/genblk3[4].iir/p_ay1_module/product_o[25]_INST_0_i_2_n_0
    SLICE_X16Y17         CARRY4 (Prop_carry4_CI_CO[3])
                                                      0.117    15.505 r  i_dsp/genblk3[4].iir/p_ay1_module/product_o[29]_INST_0_i_2/CO[3]
                         net (fo=1, routed)           0.000    15.505    i_dsp/genblk3[4].iir/p_ay1_module/product_o[29]_INST_0_i_2_n_0
    SLICE_X16Y18         CARRY4 (Prop_carry4_CI_O[0])
                                                      0.219    15.724 r  i_dsp/genblk3[4].iir/p_ay1_module/product_o[30]_INST_0_i_2/O[0]
                         net (fo=1, routed)           0.623    16.348    i_dsp/genblk3[4].iir/p_ay1_module/product_o[30]_INST_0_i_2_n_7
    SLICE_X17Y18         CARRY4 (Prop_carry4_S[1]_CO[3])
                                                      0.845    17.193 r  i_dsp/genblk3[4].iir/p_ay1_module/product_o[29]_INST_0_i_1/CO[3]
                         net (fo=1, routed)           0.000    17.193    i_dsp/genblk3[4].iir/p_ay1_module/product_o[29]_INST_0_i_1_n_0
    SLICE_X17Y19         CARRY4 (Prop_carry4_CI_O[1])
                                                      0.334    17.527 r  i_dsp/genblk3[4].iir/p_ay1_module/product_o[30]_INST_0_i_1/O[1]
                         net (fo=32, routed)          0.997    18.524    i_dsp/genblk3[4].iir/p_ay1_module/p_0_in[0]
    SLICE_X19Y18         LUT5 (Prop_lut5_I2_O)        0.303    18.827 r  i_dsp/genblk3[4].iir/p_ay1_module/product_o[16]_INST_0/O
                         net (fo=1, routed)           0.000    18.827    i_dsp/genblk3[4].iir/p_ay1_full[16]
    SLICE_X19Y18         FDRE                                         r  i_dsp/genblk3[4].iir/p_ay1_reg[16]/D
  -------------------------------------------------------------------    -------------------

                         (clock pll_adc_clk rise edge)
                                                      8.000     8.000 r  
    U18                                               0.000     8.000 r  adc_clk_p_i (IN)
                         net (fo=0)                   0.000     8.000    adc_clk_p_i
    U18                  IBUFDS (Prop_ibufds_I_O)     0.940     8.940 r  i_clk/O
                         net (fo=1, routed)           1.181    10.121    pll/clk
    PLLE2_ADV_X0Y0       PLLE2_ADV (Prop_plle2_adv_CLKIN1_CLKOUT0)
                                                      0.084    10.205 r  pll/pll/CLKOUT0
                         net (fo=1, routed)           1.594    11.799    pll_adc_clk
    BUFGCTRL_X0Y0        BUFG (Prop_bufg_I_O)         0.091    11.890 r  bufg_adc_clk/O
                         net (fo=8035, routed)        1.490    13.380    i_dsp/genblk3[4].iir/clk_i
    SLICE_X19Y18         FDRE                                         r  i_dsp/genblk3[4].iir/p_ay1_reg[16]/C
                         clock pessimism              0.458    13.838    
                         clock uncertainty           -0.069    13.769    
    SLICE_X19Y18         FDRE (Setup_fdre_C_D)        0.029    13.798    i_dsp/genblk3[4].iir/p_ay1_reg[16]
  -------------------------------------------------------------------
                         required time                         13.798    
                         arrival time                         -18.827    
  -------------------------------------------------------------------
                         slack                                 -5.029    





Min Delay Paths
--------------------------------------------------------------------------------------
Slack (MET) :             0.051ns  (arrival time - required time)
  Source:                 i_dsp/presum2_reg[14][12]/C
                            (rising edge-triggered cell FDRE clocked by pll_adc_clk  {rise@0.000ns fall@4.000ns period=8.000ns})
  Destination:            i_dsp/sum2_reg[12]/D
                            (rising edge-triggered cell FDRE clocked by pll_adc_clk  {rise@0.000ns fall@4.000ns period=8.000ns})
  Path Group:             pll_adc_clk
  Path Type:              Hold (Min at Fast Process Corner)
  Requirement:            0.000ns  (pll_adc_clk rise@0.000ns - pll_adc_clk rise@0.000ns)
  Data Path Delay:        0.378ns  (logic 0.141ns (37.261%)  route 0.237ns (62.739%))
  Logic Levels:           0  
  Clock Path Skew:        0.261ns (DCD - SCD - CPR)
    Destination Clock Delay (DCD):    2.367ns
    Source Clock Delay      (SCD):    1.975ns
    Clock Pessimism Removal (CPR):    0.130ns

    Location             Delay type                Incr(ns)  Path(ns)    Netlist Resource(s)
  -------------------------------------------------------------------    -------------------
                         (clock pll_adc_clk rise edge)
                                                      0.000     0.000 r  
    U18                                               0.000     0.000 r  adc_clk_p_i (IN)
                         net (fo=0)                   0.000     0.000    adc_clk_p_i
    U18                  IBUFDS (Prop_ibufds_I_O)     0.401     0.401 r  i_clk/O
                         net (fo=1, routed)           0.440     0.842    pll/clk
    PLLE2_ADV_X0Y0       PLLE2_ADV (Prop_plle2_adv_CLKIN1_CLKOUT0)
                                                      0.051     0.893 r  pll/pll/CLKOUT0
                         net (fo=1, routed)           0.497     1.390    pll_adc_clk
    BUFGCTRL_X0Y0        BUFG (Prop_bufg_I_O)         0.026     1.416 r  bufg_adc_clk/O
                         net (fo=8035, routed)        0.560     1.975    i_dsp/clk_i
    SLICE_X19Y58         FDRE                                         r  i_dsp/presum2_reg[14][12]/C
  -------------------------------------------------------------------    -------------------
    SLICE_X19Y58         FDRE (Prop_fdre_C_Q)         0.141     2.116 r  i_dsp/presum2_reg[14][12]/Q
                         net (fo=1, routed)           0.237     2.354    i_dsp/presum2_reg[14][12]
    SLICE_X23Y57         FDRE                                         r  i_dsp/sum2_reg[12]/D
  -------------------------------------------------------------------    -------------------

                         (clock pll_adc_clk rise edge)
                                                      0.000     0.000 r  
    U18                                               0.000     0.000 r  adc_clk_p_i (IN)
                         net (fo=0)                   0.000     0.000    adc_clk_p_i
    U18                  IBUFDS (Prop_ibufds_I_O)     0.433     0.433 r  i_clk/O
                         net (fo=1, routed)           0.481     0.914    pll/clk
    PLLE2_ADV_X0Y0       PLLE2_ADV (Prop_plle2_adv_CLKIN1_CLKOUT0)
                                                      0.054     0.968 r  pll/pll/CLKOUT0
                         net (fo=1, routed)           0.544     1.512    pll_adc_clk
    BUFGCTRL_X0Y0        BUFG (Prop_bufg_I_O)         0.029     1.541 r  bufg_adc_clk/O
                         net (fo=8035, routed)        0.826     2.367    i_dsp/clk_i
    SLICE_X23Y57         FDRE                                         r  i_dsp/sum2_reg[12]/C
                         clock pessimism             -0.130     2.237    
    SLICE_X23Y57         FDRE (Hold_fdre_C_D)         0.066     2.303    i_dsp/sum2_reg[12]
  -------------------------------------------------------------------
                         required time                         -2.303    
                         arrival time                           2.354    
  -------------------------------------------------------------------
                         slack                                  0.051    





Pulse Width Checks
--------------------------------------------------------------------------------------
Clock Name:         pll_adc_clk
Waveform(ns):       { 0.000 4.000 }
Period(ns):         8.000
Sources:            { pll/pll/CLKOUT0 }

Check Type        Corner  Lib Pin            Reference Pin  Required(ns)  Actual(ns)  Slack(ns)  Location        Pin
Min Period        n/a     DSP48E1/CLK        n/a            3.884         8.000       4.116      DSP48_X1Y22     i_3fgen/component_gen_block[0].fm_dev_scaled_reg_reg[0]/CLK
Max Period        n/a     PLLE2_ADV/CLKOUT0  n/a            160.000       8.000       152.000    PLLE2_ADV_X0Y0  pll/pll/CLKOUT0
Low Pulse Width   Slow    FDRE/C             n/a            0.500         4.000       3.500      SLICE_X42Y54    adc_rstn_reg/C
High Pulse Width  Slow    FDRE/C             n/a            0.500         4.000       3.500      SLICE_X42Y54    adc_rstn_reg/C



---------------------------------------------------------------------------------------------------
From Clock:  pll_dac_clk_1x
  To Clock:  pll_dac_clk_1x

Setup :            0  Failing Endpoints,  Worst Slack        0.586ns,  Total Violation        0.000ns
Hold  :            0  Failing Endpoints,  Worst Slack        0.378ns,  Total Violation        0.000ns
PW    :            0  Failing Endpoints,  Worst Slack        3.500ns,  Total Violation        0.000ns
---------------------------------------------------------------------------------------------------


Max Delay Paths
--------------------------------------------------------------------------------------
Slack (MET) :             0.586ns  (required time - arrival time)
  Source:                 dac_rst_reg/C
                            (rising edge-triggered cell FDRE clocked by pll_dac_clk_1x  {rise@0.000ns fall@4.000ns period=8.000ns})
  Destination:            oddr_dac_dat[4]/R
                            (falling edge-triggered cell ODDR clocked by pll_dac_clk_1x  {rise@0.000ns fall@4.000ns period=8.000ns})
  Path Group:             pll_dac_clk_1x
  Path Type:              Setup (Max at Slow Process Corner)
  Requirement:            4.000ns  (pll_dac_clk_1x fall@4.000ns - pll_dac_clk_1x rise@0.000ns)
  Data Path Delay:        2.453ns  (logic 0.456ns (18.592%)  route 1.997ns (81.408%))
  Logic Levels:           0  
  Clock Path Skew:        -0.095ns (DCD - SCD + CPR)
    Destination Clock Delay (DCD):    5.425ns = ( 9.425 - 4.000 ) 
    Source Clock Delay      (SCD):    5.977ns
    Clock Pessimism Removal (CPR):    0.457ns
  Clock Uncertainty:      0.069ns  ((TSJ^2 + DJ^2)^1/2) / 2 + PE
    Total System Jitter     (TSJ):    0.071ns
    Discrete Jitter          (DJ):    0.118ns
    Phase Error              (PE):    0.000ns

    Location             Delay type                Incr(ns)  Path(ns)    Netlist Resource(s)
  -------------------------------------------------------------------    -------------------
                         (clock pll_dac_clk_1x rise edge)
                                                      0.000     0.000 r  
    U18                                               0.000     0.000 r  adc_clk_p_i (IN)
                         net (fo=0)                   0.000     0.000    adc_clk_p_i
    U18                  IBUFDS (Prop_ibufds_I_O)     0.983     0.983 r  i_clk/O
                         net (fo=1, routed)           1.306     2.289    pll/clk
    PLLE2_ADV_X0Y0       PLLE2_ADV (Prop_plle2_adv_CLKIN1_CLKOUT1)
                                                      0.089     2.378 r  pll/pll/CLKOUT1
                         net (fo=1, routed)           1.754     4.132    pll_dac_clk_1x
    BUFGCTRL_X0Y2        BUFG (Prop_bufg_I_O)         0.101     4.233 r  bufg_dac_clk_1x/O
                         net (fo=45, routed)          1.744     5.977    dac_clk_1x
    SLICE_X43Y52         FDRE                                         r  dac_rst_reg/C
  -------------------------------------------------------------------    -------------------
    SLICE_X43Y52         FDRE (Prop_fdre_C_Q)         0.456     6.433 r  dac_rst_reg/Q
                         net (fo=17, routed)          1.997     8.430    dac_rst
    OLOGIC_X0Y80         ODDR                                         r  oddr_dac_dat[4]/R
  -------------------------------------------------------------------    -------------------

                         (clock pll_dac_clk_1x fall edge)
                                                      4.000     4.000 f  
    U18                                               0.000     4.000 f  adc_clk_p_i (IN)
                         net (fo=0)                   0.000     4.000    adc_clk_p_i
    U18                  IBUFDS (Prop_ibufds_I_O)     0.940     4.940 f  i_clk/O
                         net (fo=1, routed)           1.181     6.121    pll/clk
    PLLE2_ADV_X0Y0       PLLE2_ADV (Prop_plle2_adv_CLKIN1_CLKOUT1)
                                                      0.084     6.205 f  pll/pll/CLKOUT1
                         net (fo=1, routed)           1.594     7.799    pll_dac_clk_1x
    BUFGCTRL_X0Y2        BUFG (Prop_bufg_I_O)         0.091     7.890 f  bufg_dac_clk_1x/O
                         net (fo=45, routed)          1.535     9.425    dac_clk_1x
    OLOGIC_X0Y80         ODDR                                         f  oddr_dac_dat[4]/C
                         clock pessimism              0.457     9.883    
                         clock uncertainty           -0.069     9.814    
    OLOGIC_X0Y80         ODDR (Setup_oddr_C_R)       -0.798     9.016    oddr_dac_dat[4]
  -------------------------------------------------------------------
                         required time                          9.016    
                         arrival time                          -8.430    
  -------------------------------------------------------------------
                         slack                                  0.586    





Min Delay Paths
--------------------------------------------------------------------------------------
Slack (MET) :             0.378ns  (arrival time - required time)
  Source:                 dac_rst_reg/C
                            (rising edge-triggered cell FDRE clocked by pll_dac_clk_1x  {rise@0.000ns fall@4.000ns period=8.000ns})
  Destination:            oddr_dac_sel/R
                            (rising edge-triggered cell ODDR clocked by pll_dac_clk_1x  {rise@0.000ns fall@4.000ns period=8.000ns})
  Path Group:             pll_dac_clk_1x
  Path Type:              Hold (Min at Fast Process Corner)
  Requirement:            0.000ns  (pll_dac_clk_1x rise@0.000ns - pll_dac_clk_1x rise@0.000ns)
  Data Path Delay:        0.882ns  (logic 0.141ns (15.992%)  route 0.741ns (84.007%))
  Logic Levels:           0  
  Clock Path Skew:        0.028ns (DCD - SCD - CPR)
    Destination Clock Delay (DCD):    2.394ns
    Source Clock Delay      (SCD):    2.006ns
    Clock Pessimism Removal (CPR):    0.360ns

    Location             Delay type                Incr(ns)  Path(ns)    Netlist Resource(s)
  -------------------------------------------------------------------    -------------------
                         (clock pll_dac_clk_1x rise edge)
                                                      0.000     0.000 r  
    U18                                               0.000     0.000 r  adc_clk_p_i (IN)
                         net (fo=0)                   0.000     0.000    adc_clk_p_i
    U18                  IBUFDS (Prop_ibufds_I_O)     0.401     0.401 r  i_clk/O
                         net (fo=1, routed)           0.440     0.842    pll/clk
    PLLE2_ADV_X0Y0       PLLE2_ADV (Prop_plle2_adv_CLKIN1_CLKOUT1)
                                                      0.051     0.893 r  pll/pll/CLKOUT1
                         net (fo=1, routed)           0.497     1.390    pll_dac_clk_1x
    BUFGCTRL_X0Y2        BUFG (Prop_bufg_I_O)         0.026     1.416 r  bufg_dac_clk_1x/O
                         net (fo=45, routed)          0.591     2.006    dac_clk_1x
    SLICE_X43Y52         FDRE                                         r  dac_rst_reg/C
  -------------------------------------------------------------------    -------------------
    SLICE_X43Y52         FDRE (Prop_fdre_C_Q)         0.141     2.147 r  dac_rst_reg/Q
                         net (fo=17, routed)          0.741     2.888    dac_rst
    OLOGIC_X0Y57         ODDR                                         r  oddr_dac_sel/R
  -------------------------------------------------------------------    -------------------

                         (clock pll_dac_clk_1x rise edge)
                                                      0.000     0.000 r  
    U18                                               0.000     0.000 r  adc_clk_p_i (IN)
                         net (fo=0)                   0.000     0.000    adc_clk_p_i
    U18                  IBUFDS (Prop_ibufds_I_O)     0.433     0.433 r  i_clk/O
                         net (fo=1, routed)           0.481     0.914    pll/clk
    PLLE2_ADV_X0Y0       PLLE2_ADV (Prop_plle2_adv_CLKIN1_CLKOUT1)
                                                      0.054     0.968 r  pll/pll/CLKOUT1
                         net (fo=1, routed)           0.544     1.512    pll_dac_clk_1x
    BUFGCTRL_X0Y2        BUFG (Prop_bufg_I_O)         0.029     1.541 r  bufg_dac_clk_1x/O
                         net (fo=45, routed)          0.853     2.394    dac_clk_1x
    OLOGIC_X0Y57         ODDR                                         r  oddr_dac_sel/C
                         clock pessimism             -0.360     2.034    
    OLOGIC_X0Y57         ODDR (Hold_oddr_C_R)         0.476     2.510    oddr_dac_sel
  -------------------------------------------------------------------
                         required time                         -2.510    
                         arrival time                           2.888    
  -------------------------------------------------------------------
                         slack                                  0.378    





Pulse Width Checks
--------------------------------------------------------------------------------------
Clock Name:         pll_dac_clk_1x
Waveform(ns):       { 0.000 4.000 }
Period(ns):         8.000
Sources:            { pll/pll/CLKOUT1 }

Check Type        Corner  Lib Pin            Reference Pin  Required(ns)  Actual(ns)  Slack(ns)  Location        Pin
Min Period        n/a     BUFG/I             n/a            2.155         8.000       5.845      BUFGCTRL_X0Y2   bufg_dac_clk_1x/I
Max Period        n/a     PLLE2_ADV/CLKOUT1  n/a            160.000       8.000       152.000    PLLE2_ADV_X0Y0  pll/pll/CLKOUT1
Low Pulse Width   Slow    FDRE/C             n/a            0.500         4.000       3.500      SLICE_X43Y83    dac_dat_a_reg[0]/C
High Pulse Width  Slow    FDRE/C             n/a            0.500         4.000       3.500      SLICE_X43Y83    dac_dat_a_reg[0]/C



---------------------------------------------------------------------------------------------------
From Clock:  pll_dac_clk_2p
  To Clock:  pll_dac_clk_2p

Setup :           NA  Failing Endpoints,  Worst Slack           NA  ,  Total Violation           NA
Hold  :           NA  Failing Endpoints,  Worst Slack           NA  ,  Total Violation           NA
PW    :            0  Failing Endpoints,  Worst Slack        1.845ns,  Total Violation        0.000ns
---------------------------------------------------------------------------------------------------


Pulse Width Checks
--------------------------------------------------------------------------------------
Clock Name:         pll_dac_clk_2p
Waveform(ns):       { -0.500 1.500 }
Period(ns):         4.000
Sources:            { pll/pll/CLKOUT3 }

Check Type  Corner  Lib Pin            Reference Pin  Required(ns)  Actual(ns)  Slack(ns)  Location        Pin
Min Period  n/a     BUFG/I             n/a            2.155         4.000       1.845      BUFGCTRL_X0Y3   bufg_dac_clk_2p/I
Max Period  n/a     PLLE2_ADV/CLKOUT3  n/a            160.000       4.000       156.000    PLLE2_ADV_X0Y0  pll/pll/CLKOUT3



---------------------------------------------------------------------------------------------------
From Clock:  pll_dac_clk_2x
  To Clock:  pll_dac_clk_2x

Setup :           NA  Failing Endpoints,  Worst Slack           NA  ,  Total Violation           NA
Hold  :           NA  Failing Endpoints,  Worst Slack           NA  ,  Total Violation           NA
PW    :            0  Failing Endpoints,  Worst Slack        1.845ns,  Total Violation        0.000ns
---------------------------------------------------------------------------------------------------


Pulse Width Checks
--------------------------------------------------------------------------------------
Clock Name:         pll_dac_clk_2x
Waveform(ns):       { 0.000 2.000 }
Period(ns):         4.000
Sources:            { pll/pll/CLKOUT2 }

Check Type  Corner  Lib Pin            Reference Pin  Required(ns)  Actual(ns)  Slack(ns)  Location        Pin
Min Period  n/a     BUFG/I             n/a            2.155         4.000       1.845      BUFGCTRL_X0Y4   bufg_dac_clk_2x/I
Max Period  n/a     PLLE2_ADV/CLKOUT2  n/a            160.000       4.000       156.000    PLLE2_ADV_X0Y0  pll/pll/CLKOUT2



---------------------------------------------------------------------------------------------------
From Clock:  pll_pwm_clk
  To Clock:  pll_pwm_clk

Setup :          130  Failing Endpoints,  Worst Slack       -1.444ns,  Total Violation     -107.079ns
Hold  :            0  Failing Endpoints,  Worst Slack        0.135ns,  Total Violation        0.000ns
PW    :            0  Failing Endpoints,  Worst Slack        1.500ns,  Total Violation        0.000ns
---------------------------------------------------------------------------------------------------


Max Delay Paths
--------------------------------------------------------------------------------------
Slack (VIOLATED) :        -1.444ns  (required time - arrival time)
  Source:                 pwm_gen_inst[3].pwm_inst/div_counter_reg[3]/C
                            (rising edge-triggered cell FDRE clocked by pll_pwm_clk  {rise@0.000ns fall@2.000ns period=4.000ns})
  Destination:            pwm_gen_inst[3].pwm_inst/div_counter_reg[12]/R
                            (rising edge-triggered cell FDRE clocked by pll_pwm_clk  {rise@0.000ns fall@2.000ns period=4.000ns})
  Path Group:             pll_pwm_clk
  Path Type:              Setup (Max at Slow Process Corner)
  Requirement:            4.000ns  (pll_pwm_clk rise@4.000ns - pll_pwm_clk rise@0.000ns)
  Data Path Delay:        4.838ns  (logic 1.795ns (37.105%)  route 3.043ns (62.895%))
  Logic Levels:           6  (CARRY4=4 LUT2=1 LUT4=1)
  Clock Path Skew:        -0.020ns (DCD - SCD + CPR)
    Destination Clock Delay (DCD):    5.448ns = ( 9.448 - 4.000 ) 
    Source Clock Delay      (SCD):    5.962ns
    Clock Pessimism Removal (CPR):    0.494ns
  Clock Uncertainty:      0.063ns  ((TSJ^2 + DJ^2)^1/2) / 2 + PE
    Total System Jitter     (TSJ):    0.071ns
    Discrete Jitter          (DJ):    0.104ns
    Phase Error              (PE):    0.000ns

    Location             Delay type                Incr(ns)  Path(ns)    Netlist Resource(s)
  -------------------------------------------------------------------    -------------------
                         (clock pll_pwm_clk rise edge)
                                                      0.000     0.000 r  
    U18                                               0.000     0.000 r  adc_clk_p_i (IN)
                         net (fo=0)                   0.000     0.000    adc_clk_p_i
    U18                  IBUFDS (Prop_ibufds_I_O)     0.983     0.983 r  i_clk/O
                         net (fo=1, routed)           1.306     2.289    pll/clk
    PLLE2_ADV_X0Y0       PLLE2_ADV (Prop_plle2_adv_CLKIN1_CLKOUT5)
                                                      0.089     2.378 r  pll/pll/CLKOUT5
                         net (fo=1, routed)           1.754     4.132    pll_pwm_clk
    BUFGCTRL_X0Y5        BUFG (Prop_bufg_I_O)         0.101     4.233 r  bufg_pwm_clk/O
                         net (fo=347, routed)         1.729     5.962    pwm_gen_inst[3].pwm_inst/clk
    SLICE_X38Y69         FDRE                                         r  pwm_gen_inst[3].pwm_inst/div_counter_reg[3]/C
  -------------------------------------------------------------------    -------------------
    SLICE_X38Y69         FDRE (Prop_fdre_C_Q)         0.478     6.440 r  pwm_gen_inst[3].pwm_inst/div_counter_reg[3]/Q
                         net (fo=3, routed)           1.501     7.941    pwm_gen_inst[3].pwm_inst/div_counter_reg[3]
    SLICE_X37Y65         LUT4 (Prop_lut4_I1_O)        0.301     8.242 r  pwm_gen_inst[3].pwm_inst/div_counter[0]_i_54/O
                         net (fo=1, routed)           0.000     8.242    pwm_gen_inst[3].pwm_inst/div_counter[0]_i_54_n_0
    SLICE_X37Y65         CARRY4 (Prop_carry4_S[1]_CO[3])
                                                      0.550     8.792 r  pwm_gen_inst[3].pwm_inst/div_counter_reg[0]_i_26/CO[3]
                         net (fo=1, routed)           0.000     8.792    pwm_gen_inst[3].pwm_inst/div_counter_reg[0]_i_26_n_0
    SLICE_X37Y66         CARRY4 (Prop_carry4_CI_CO[3])
                                                      0.114     8.906 r  pwm_gen_inst[3].pwm_inst/div_counter_reg[0]_i_14/CO[3]
                         net (fo=1, routed)           0.000     8.906    pwm_gen_inst[3].pwm_inst/div_counter_reg[0]_i_14_n_0
    SLICE_X37Y67         CARRY4 (Prop_carry4_CI_CO[3])
                                                      0.114     9.020 r  pwm_gen_inst[3].pwm_inst/div_counter_reg[0]_i_5/CO[3]
                         net (fo=1, routed)           0.000     9.020    pwm_gen_inst[3].pwm_inst/div_counter_reg[0]_i_5_n_0
    SLICE_X37Y68         CARRY4 (Prop_carry4_CI_CO[3])
                                                      0.114     9.134 r  pwm_gen_inst[3].pwm_inst/div_counter_reg[0]_i_3/CO[3]
                         net (fo=2, routed)           0.868    10.002    pwm_gen_inst[3].pwm_inst/div_counter_reg[0]_i_3_n_0
    SLICE_X37Y69         LUT2 (Prop_lut2_I0_O)        0.124    10.126 r  pwm_gen_inst[3].pwm_inst/div_counter[0]_i_1/O
                         net (fo=32, routed)          0.674    10.800    pwm_gen_inst[3].pwm_inst/div_counter[0]_i_1_n_0
    SLICE_X38Y66         FDRE                                         r  pwm_gen_inst[3].pwm_inst/div_counter_reg[12]/R
  -------------------------------------------------------------------    -------------------

                         (clock pll_pwm_clk rise edge)
                                                      4.000     4.000 r  
    U18                                               0.000     4.000 r  adc_clk_p_i (IN)
                         net (fo=0)                   0.000     4.000    adc_clk_p_i
    U18                  IBUFDS (Prop_ibufds_I_O)     0.940     4.940 r  i_clk/O
                         net (fo=1, routed)           1.181     6.121    pll/clk
    PLLE2_ADV_X0Y0       PLLE2_ADV (Prop_plle2_adv_CLKIN1_CLKOUT5)
                                                      0.084     6.205 r  pll/pll/CLKOUT5
                         net (fo=1, routed)           1.594     7.799    pll_pwm_clk
    BUFGCTRL_X0Y5        BUFG (Prop_bufg_I_O)         0.091     7.890 r  bufg_pwm_clk/O
                         net (fo=347, routed)         1.558     9.448    pwm_gen_inst[3].pwm_inst/clk
    SLICE_X38Y66         FDRE                                         r  pwm_gen_inst[3].pwm_inst/div_counter_reg[12]/C
                         clock pessimism              0.494     9.942    
                         clock uncertainty           -0.063     9.879    
    SLICE_X38Y66         FDRE (Setup_fdre_C_R)       -0.524     9.355    pwm_gen_inst[3].pwm_inst/div_counter_reg[12]
  -------------------------------------------------------------------
                         required time                          9.355    
                         arrival time                         -10.800    
  -------------------------------------------------------------------
                         slack                                 -1.444    





Min Delay Paths
--------------------------------------------------------------------------------------
Slack (MET) :             0.135ns  (arrival time - required time)
  Source:                 pwm_gen_inst[1].pwm_inst/b_reg[12]/C
                            (rising edge-triggered cell FDRE clocked by pll_pwm_clk  {rise@0.000ns fall@2.000ns period=4.000ns})
  Destination:            pwm_gen_inst[1].pwm_inst/b_reg[11]/D
                            (rising edge-triggered cell FDRE clocked by pll_pwm_clk  {rise@0.000ns fall@2.000ns period=4.000ns})
  Path Group:             pll_pwm_clk
  Path Type:              Hold (Min at Fast Process Corner)
  Requirement:            0.000ns  (pll_pwm_clk rise@0.000ns - pll_pwm_clk rise@0.000ns)
  Data Path Delay:        0.240ns  (logic 0.186ns (77.523%)  route 0.054ns (22.477%))
  Logic Levels:           1  (LUT6=1)
  Clock Path Skew:        0.013ns (DCD - SCD - CPR)
    Destination Clock Delay (DCD):    2.400ns
    Source Clock Delay      (SCD):    2.004ns
    Clock Pessimism Removal (CPR):    0.383ns

    Location             Delay type                Incr(ns)  Path(ns)    Netlist Resource(s)
  -------------------------------------------------------------------    -------------------
                         (clock pll_pwm_clk rise edge)
                                                      0.000     0.000 r  
    U18                                               0.000     0.000 r  adc_clk_p_i (IN)
                         net (fo=0)                   0.000     0.000    adc_clk_p_i
    U18                  IBUFDS (Prop_ibufds_I_O)     0.401     0.401 r  i_clk/O
                         net (fo=1, routed)           0.440     0.842    pll/clk
    PLLE2_ADV_X0Y0       PLLE2_ADV (Prop_plle2_adv_CLKIN1_CLKOUT5)
                                                      0.051     0.893 r  pll/pll/CLKOUT5
                         net (fo=1, routed)           0.497     1.390    pll_pwm_clk
    BUFGCTRL_X0Y5        BUFG (Prop_bufg_I_O)         0.026     1.416 r  bufg_pwm_clk/O
                         net (fo=347, routed)         0.589     2.004    pwm_gen_inst[1].pwm_inst/clk
    SLICE_X40Y58         FDRE                                         r  pwm_gen_inst[1].pwm_inst/b_reg[12]/C
  -------------------------------------------------------------------    -------------------
    SLICE_X40Y58         FDRE (Prop_fdre_C_Q)         0.141     2.145 r  pwm_gen_inst[1].pwm_inst/b_reg[12]/Q
                         net (fo=1, routed)           0.054     2.199    pwm_gen_inst[1].pwm_inst/b_reg_n_0_[12]
    SLICE_X41Y58         LUT6 (Prop_lut6_I0_O)        0.045     2.244 r  pwm_gen_inst[1].pwm_inst/b[11]_i_1/O
                         net (fo=1, routed)           0.000     2.244    pwm_gen_inst[1].pwm_inst/p_0_in[11]
    SLICE_X41Y58         FDRE                                         r  pwm_gen_inst[1].pwm_inst/b_reg[11]/D
  -------------------------------------------------------------------    -------------------

                         (clock pll_pwm_clk rise edge)
                                                      0.000     0.000 r  
    U18                                               0.000     0.000 r  adc_clk_p_i (IN)
                         net (fo=0)                   0.000     0.000    adc_clk_p_i
    U18                  IBUFDS (Prop_ibufds_I_O)     0.433     0.433 r  i_clk/O
                         net (fo=1, routed)           0.481     0.914    pll/clk
    PLLE2_ADV_X0Y0       PLLE2_ADV (Prop_plle2_adv_CLKIN1_CLKOUT5)
                                                      0.054     0.968 r  pll/pll/CLKOUT5
                         net (fo=1, routed)           0.544     1.512    pll_pwm_clk
    BUFGCTRL_X0Y5        BUFG (Prop_bufg_I_O)         0.029     1.541 r  bufg_pwm_clk/O
                         net (fo=347, routed)         0.859     2.400    pwm_gen_inst[1].pwm_inst/clk
    SLICE_X41Y58         FDRE                                         r  pwm_gen_inst[1].pwm_inst/b_reg[11]/C
                         clock pessimism             -0.383     2.017    
    SLICE_X41Y58         FDRE (Hold_fdre_C_D)         0.092     2.109    pwm_gen_inst[1].pwm_inst/b_reg[11]
  -------------------------------------------------------------------
                         required time                         -2.109    
                         arrival time                           2.244    
  -------------------------------------------------------------------
                         slack                                  0.135    





Pulse Width Checks
--------------------------------------------------------------------------------------
Clock Name:         pll_pwm_clk
Waveform(ns):       { 0.000 2.000 }
Period(ns):         4.000
Sources:            { pll/pll/CLKOUT5 }

Check Type        Corner  Lib Pin            Reference Pin  Required(ns)  Actual(ns)  Slack(ns)  Location        Pin
Min Period        n/a     BUFG/I             n/a            2.155         4.000       1.845      BUFGCTRL_X0Y5   bufg_pwm_clk/I
Max Period        n/a     PLLE2_ADV/CLKOUT5  n/a            160.000       4.000       156.000    PLLE2_ADV_X0Y0  pll/pll/CLKOUT5
Low Pulse Width   Slow    FDRE/C             n/a            0.500         2.000       1.500      SLICE_X40Y68    pwm_rstn_reg/C
High Pulse Width  Slow    FDRE/C             n/a            0.500         2.000       1.500      SLICE_X40Y68    pwm_rstn_reg/C



---------------------------------------------------------------------------------------------------
From Clock:  clk_fpga_3
  To Clock:  clk_fpga_3

Setup :            0  Failing Endpoints,  Worst Slack        0.007ns,  Total Violation        0.000ns
Hold  :            0  Failing Endpoints,  Worst Slack        0.055ns,  Total Violation        0.000ns
PW    :            0  Failing Endpoints,  Worst Slack        1.000ns,  Total Violation        0.000ns
---------------------------------------------------------------------------------------------------


Max Delay Paths
--------------------------------------------------------------------------------------
Slack (MET) :             0.007ns  (required time - arrival time)
  Source:                 i_ps/system_i/system_i/xadc/inst/AXI_LITE_IPIF_I/I_SLAVE_ATTACHMENT/INCLUDE_DPHASE_TIMER.dpto_cnt_reg[6]/C
                            (rising edge-triggered cell FDRE clocked by clk_fpga_3  {rise@0.000ns fall@2.500ns period=5.000ns})
  Destination:            i_ps/system_i/system_i/axi_protocol_converter_0/inst/gen_axilite.gen_b2s_conv.axilite_b2s/RD.ar_channel_0/cmd_translator_0/incr_cmd_0/axaddr_incr_reg[9]/D
                            (rising edge-triggered cell FDRE clocked by clk_fpga_3  {rise@0.000ns fall@2.500ns period=5.000ns})
  Path Group:             clk_fpga_3
  Path Type:              Setup (Max at Slow Process Corner)
  Requirement:            5.000ns  (clk_fpga_3 rise@5.000ns - clk_fpga_3 rise@0.000ns)
  Data Path Delay:        4.933ns  (logic 2.339ns (47.418%)  route 2.594ns (52.582%))
  Logic Levels:           7  (CARRY4=3 LUT2=1 LUT3=2 LUT4=1)
  Clock Path Skew:        -0.058ns (DCD - SCD + CPR)
    Destination Clock Delay (DCD):    2.682ns = ( 7.682 - 5.000 ) 
    Source Clock Delay      (SCD):    2.970ns
    Clock Pessimism Removal (CPR):    0.230ns
  Clock Uncertainty:      0.083ns  ((TSJ^2 + TIJ^2)^1/2 + DJ) / 2 + PE
    Total System Jitter     (TSJ):    0.071ns
    Total Input Jitter      (TIJ):    0.150ns
    Discrete Jitter          (DJ):    0.000ns
    Phase Error              (PE):    0.000ns

    Location             Delay type                Incr(ns)  Path(ns)    Netlist Resource(s)
  -------------------------------------------------------------------    -------------------
                         (clock clk_fpga_3 rise edge)
                                                      0.000     0.000 r  
    PS7_X0Y0             PS7                          0.000     0.000 r  i_ps/system_i/system_i/processing_system7/inst/PS7_i/FCLKCLK[3]
                         net (fo=1, routed)           1.207     1.207    i_ps/system_i/system_i/processing_system7/inst/FCLK_CLK_unbuffered[3]
    BUFGCTRL_X0Y1        BUFG (Prop_bufg_I_O)         0.101     1.308 r  i_ps/system_i/system_i/processing_system7/inst/buffer_fclk_clk_3.FCLK_CLK_3_BUFG/O
                         net (fo=751, routed)         1.662     2.970    i_ps/system_i/system_i/xadc/inst/AXI_LITE_IPIF_I/I_SLAVE_ATTACHMENT/s_axi_aclk
    SLICE_X7Y66          FDRE                                         r  i_ps/system_i/system_i/xadc/inst/AXI_LITE_IPIF_I/I_SLAVE_ATTACHMENT/INCLUDE_DPHASE_TIMER.dpto_cnt_reg[6]/C
  -------------------------------------------------------------------    -------------------
    SLICE_X7Y66          FDRE (Prop_fdre_C_Q)         0.456     3.426 r  i_ps/system_i/system_i/xadc/inst/AXI_LITE_IPIF_I/I_SLAVE_ATTACHMENT/INCLUDE_DPHASE_TIMER.dpto_cnt_reg[6]/Q
                         net (fo=11, routed)          0.545     3.971    i_ps/system_i/system_i/xadc/inst/AXI_LITE_IPIF_I/I_SLAVE_ATTACHMENT/timeout
    SLICE_X15Y66         LUT2 (Prop_lut2_I1_O)        0.124     4.095 r  i_ps/system_i/system_i/xadc/inst/AXI_LITE_IPIF_I/I_SLAVE_ATTACHMENT/s_axi_arready_INST_0/O
                         net (fo=5, routed)           0.685     4.779    i_ps/system_i/system_i/axi_protocol_converter_0/inst/gen_axilite.gen_b2s_conv.axilite_b2s/RD.ar_channel_0/ar_cmd_fsm_0/m_arready
    SLICE_X13Y66         LUT3 (Prop_lut3_I0_O)        0.153     4.932 r  i_ps/system_i/system_i/axi_protocol_converter_0/inst/gen_axilite.gen_b2s_conv.axilite_b2s/RD.ar_channel_0/ar_cmd_fsm_0/next_INST_0/O
                         net (fo=34, routed)          0.746     5.678    i_ps/system_i/system_i/axi_protocol_converter_0/inst/gen_axilite.gen_b2s_conv.axilite_b2s/RD.ar_channel_0/cmd_translator_0/incr_cmd_0/next
    SLICE_X8Y66          LUT4 (Prop_lut4_I3_O)        0.327     6.005 r  i_ps/system_i/system_i/axi_protocol_converter_0/inst/gen_axilite.gen_b2s_conv.axilite_b2s/RD.ar_channel_0/cmd_translator_0/incr_cmd_0/axaddr_incr[3]_i_9/O
                         net (fo=1, routed)           0.000     6.005    i_ps/system_i/system_i/axi_protocol_converter_0/inst/gen_axilite.gen_b2s_conv.axilite_b2s/RD.ar_channel_0/cmd_translator_0/incr_cmd_0/axaddr_incr[3]_i_9_n_0
    SLICE_X8Y66          CARRY4 (Prop_carry4_S[1]_CO[3])
                                                      0.533     6.538 r  i_ps/system_i/system_i/axi_protocol_converter_0/inst/gen_axilite.gen_b2s_conv.axilite_b2s/RD.ar_channel_0/cmd_translator_0/incr_cmd_0/axaddr_incr_reg[3]_i_2/CO[3]
                         net (fo=1, routed)           0.000     6.538    i_ps/system_i/system_i/axi_protocol_converter_0/inst/gen_axilite.gen_b2s_conv.axilite_b2s/RD.ar_channel_0/cmd_translator_0/incr_cmd_0/axaddr_incr_reg[3]_i_2_n_0
    SLICE_X8Y67          CARRY4 (Prop_carry4_CI_CO[3])
                                                      0.117     6.655 r  i_ps/system_i/system_i/axi_protocol_converter_0/inst/gen_axilite.gen_b2s_conv.axilite_b2s/RD.ar_channel_0/cmd_translator_0/incr_cmd_0/axaddr_incr_reg[7]_i_2/CO[3]
                         net (fo=1, routed)           0.000     6.655    i_ps/system_i/system_i/axi_protocol_converter_0/inst/gen_axilite.gen_b2s_conv.axilite_b2s/RD.ar_channel_0/cmd_translator_0/incr_cmd_0/axaddr_incr_reg[7]_i_2_n_0
    SLICE_X8Y68          CARRY4 (Prop_carry4_CI_O[1])
                                                      0.323     6.978 r  i_ps/system_i/system_i/axi_protocol_converter_0/inst/gen_axilite.gen_b2s_conv.axilite_b2s/RD.ar_channel_0/cmd_translator_0/incr_cmd_0/axaddr_incr_reg[9]_i_3/O[1]
                         net (fo=1, routed)           0.618     7.597    i_ps/system_i/system_i/axi_protocol_converter_0/inst/gen_axilite.gen_b2s_conv.axilite_b2s/RD.ar_channel_0/cmd_translator_0/incr_cmd_0/axaddr_incr[9]
    SLICE_X12Y66         LUT3 (Prop_lut3_I0_O)        0.306     7.903 r  i_ps/system_i/system_i/axi_protocol_converter_0/inst/gen_axilite.gen_b2s_conv.axilite_b2s/RD.ar_channel_0/cmd_translator_0/incr_cmd_0/axaddr_incr[9]_i_2/O
                         net (fo=1, routed)           0.000     7.903    i_ps/system_i/system_i/axi_protocol_converter_0/inst/gen_axilite.gen_b2s_conv.axilite_b2s/RD.ar_channel_0/cmd_translator_0/incr_cmd_0/p_1_in[9]
    SLICE_X12Y66         FDRE                                         r  i_ps/system_i/system_i/axi_protocol_converter_0/inst/gen_axilite.gen_b2s_conv.axilite_b2s/RD.ar_channel_0/cmd_translator_0/incr_cmd_0/axaddr_incr_reg[9]/D
  -------------------------------------------------------------------    -------------------

                         (clock clk_fpga_3 rise edge)
                                                      5.000     5.000 r  
    PS7_X0Y0             PS7                          0.000     5.000 r  i_ps/system_i/system_i/processing_system7/inst/PS7_i/FCLKCLK[3]
                         net (fo=1, routed)           1.101     6.101    i_ps/system_i/system_i/processing_system7/inst/FCLK_CLK_unbuffered[3]
    BUFGCTRL_X0Y1        BUFG (Prop_bufg_I_O)         0.091     6.192 r  i_ps/system_i/system_i/processing_system7/inst/buffer_fclk_clk_3.FCLK_CLK_3_BUFG/O
                         net (fo=751, routed)         1.490     7.682    i_ps/system_i/system_i/axi_protocol_converter_0/inst/gen_axilite.gen_b2s_conv.axilite_b2s/RD.ar_channel_0/cmd_translator_0/incr_cmd_0/clk
    SLICE_X12Y66         FDRE                                         r  i_ps/system_i/system_i/axi_protocol_converter_0/inst/gen_axilite.gen_b2s_conv.axilite_b2s/RD.ar_channel_0/cmd_translator_0/incr_cmd_0/axaddr_incr_reg[9]/C
                         clock pessimism              0.230     7.912    
                         clock uncertainty           -0.083     7.829    
    SLICE_X12Y66         FDRE (Setup_fdre_C_D)        0.081     7.910    i_ps/system_i/system_i/axi_protocol_converter_0/inst/gen_axilite.gen_b2s_conv.axilite_b2s/RD.ar_channel_0/cmd_translator_0/incr_cmd_0/axaddr_incr_reg[9]
  -------------------------------------------------------------------
                         required time                          7.910    
                         arrival time                          -7.903    
  -------------------------------------------------------------------
                         slack                                  0.007    





Min Delay Paths
--------------------------------------------------------------------------------------
Slack (MET) :             0.055ns  (arrival time - required time)
  Source:                 i_ps/system_i/system_i/axi_protocol_converter_0/inst/gen_axilite.gen_b2s_conv.axilite_b2s/RD.r_channel_0/r_arid_r_reg[8]/C
                            (rising edge-triggered cell FDRE clocked by clk_fpga_3  {rise@0.000ns fall@2.500ns period=5.000ns})
  Destination:            i_ps/system_i/system_i/axi_protocol_converter_0/inst/gen_axilite.gen_b2s_conv.axilite_b2s/RD.r_channel_0/transaction_fifo_0/memory_reg[31][9]_srl32/D
                            (rising edge-triggered cell SRLC32E clocked by clk_fpga_3  {rise@0.000ns fall@2.500ns period=5.000ns})
  Path Group:             clk_fpga_3
  Path Type:              Hold (Min at Fast Process Corner)
  Requirement:            0.000ns  (clk_fpga_3 rise@0.000ns - clk_fpga_3 rise@0.000ns)
  Data Path Delay:        0.251ns  (logic 0.141ns (56.174%)  route 0.110ns (43.826%))
  Logic Levels:           0  
  Clock Path Skew:        0.013ns (DCD - SCD - CPR)
    Destination Clock Delay (DCD):    1.220ns
    Source Clock Delay      (SCD):    0.922ns
    Clock Pessimism Removal (CPR):    0.285ns

    Location             Delay type                Incr(ns)  Path(ns)    Netlist Resource(s)
  -------------------------------------------------------------------    -------------------
                         (clock clk_fpga_3 rise edge)
                                                      0.000     0.000 r  
    PS7_X0Y0             PS7                          0.000     0.000 r  i_ps/system_i/system_i/processing_system7/inst/PS7_i/FCLKCLK[3]
                         net (fo=1, routed)           0.315     0.315    i_ps/system_i/system_i/processing_system7/inst/FCLK_CLK_unbuffered[3]
    BUFGCTRL_X0Y1        BUFG (Prop_bufg_I_O)         0.026     0.341 r  i_ps/system_i/system_i/processing_system7/inst/buffer_fclk_clk_3.FCLK_CLK_3_BUFG/O
                         net (fo=751, routed)         0.581     0.922    i_ps/system_i/system_i/axi_protocol_converter_0/inst/gen_axilite.gen_b2s_conv.axilite_b2s/RD.r_channel_0/clk
    SLICE_X1Y56          FDRE                                         r  i_ps/system_i/system_i/axi_protocol_converter_0/inst/gen_axilite.gen_b2s_conv.axilite_b2s/RD.r_channel_0/r_arid_r_reg[8]/C
  -------------------------------------------------------------------    -------------------
    SLICE_X1Y56          FDRE (Prop_fdre_C_Q)         0.141     1.063 r  i_ps/system_i/system_i/axi_protocol_converter_0/inst/gen_axilite.gen_b2s_conv.axilite_b2s/RD.r_channel_0/r_arid_r_reg[8]/Q
                         net (fo=1, routed)           0.110     1.173    i_ps/system_i/system_i/axi_protocol_converter_0/inst/gen_axilite.gen_b2s_conv.axilite_b2s/RD.r_channel_0/transaction_fifo_0/din[9]
    SLICE_X0Y56          SRLC32E                                      r  i_ps/system_i/system_i/axi_protocol_converter_0/inst/gen_axilite.gen_b2s_conv.axilite_b2s/RD.r_channel_0/transaction_fifo_0/memory_reg[31][9]_srl32/D
  -------------------------------------------------------------------    -------------------

                         (clock clk_fpga_3 rise edge)
                                                      0.000     0.000 r  
    PS7_X0Y0             PS7                          0.000     0.000 r  i_ps/system_i/system_i/processing_system7/inst/PS7_i/FCLKCLK[3]
                         net (fo=1, routed)           0.341     0.341    i_ps/system_i/system_i/processing_system7/inst/FCLK_CLK_unbuffered[3]
    BUFGCTRL_X0Y1        BUFG (Prop_bufg_I_O)         0.029     0.370 r  i_ps/system_i/system_i/processing_system7/inst/buffer_fclk_clk_3.FCLK_CLK_3_BUFG/O
                         net (fo=751, routed)         0.850     1.220    i_ps/system_i/system_i/axi_protocol_converter_0/inst/gen_axilite.gen_b2s_conv.axilite_b2s/RD.r_channel_0/transaction_fifo_0/clk
    SLICE_X0Y56          SRLC32E                                      r  i_ps/system_i/system_i/axi_protocol_converter_0/inst/gen_axilite.gen_b2s_conv.axilite_b2s/RD.r_channel_0/transaction_fifo_0/memory_reg[31][9]_srl32/CLK
                         clock pessimism             -0.285     0.935    
    SLICE_X0Y56          SRLC32E (Hold_srlc32e_CLK_D)
                                                      0.183     1.118    i_ps/system_i/system_i/axi_protocol_converter_0/inst/gen_axilite.gen_b2s_conv.axilite_b2s/RD.r_channel_0/transaction_fifo_0/memory_reg[31][9]_srl32
  -------------------------------------------------------------------
                         required time                         -1.118    
                         arrival time                           1.173    
  -------------------------------------------------------------------
                         slack                                  0.055    





Pulse Width Checks
--------------------------------------------------------------------------------------
Clock Name:         clk_fpga_3
Waveform(ns):       { 0.000 2.500 }
Period(ns):         5.000
Sources:            { i_ps/system_i/system_i/processing_system7/inst/PS7_i/FCLKCLK[3] }

Check Type        Corner  Lib Pin      Reference Pin  Required(ns)  Actual(ns)  Slack(ns)  Location     Pin
Min Period        n/a     XADC/DCLK    n/a            4.000         5.000       1.000      XADC_X0Y0    i_ps/system_i/system_i/xadc/inst/AXI_XADC_CORE_I/XADC_INST/DCLK
Low Pulse Width   Slow    SRLC32E/CLK  n/a            0.980         2.500       1.520      SLICE_X6Y63  i_ps/system_i/system_i/axi_protocol_converter_0/inst/gen_axilite.gen_b2s_conv.axilite_b2s/RD.r_channel_0/rd_data_fifo_0/memory_reg[31][0]_srl32/CLK
High Pulse Width  Slow    SRLC32E/CLK  n/a            0.980         2.500       1.520      SLICE_X6Y63  i_ps/system_i/system_i/axi_protocol_converter_0/inst/gen_axilite.gen_b2s_conv.axilite_b2s/RD.r_channel_0/rd_data_fifo_0/memory_reg[31][0]_srl32/CLK



---------------------------------------------------------------------------------------------------
From Clock:  adc_clk
  To Clock:  pll_adc_clk

Setup :            0  Failing Endpoints,  Worst Slack        5.939ns,  Total Violation        0.000ns
Hold  :           28  Failing Endpoints,  Worst Slack       -2.162ns,  Total Violation      -58.825ns
---------------------------------------------------------------------------------------------------


Max Delay Paths
--------------------------------------------------------------------------------------
Slack (MET) :             5.939ns  (required time - arrival time)
  Source:                 adc_dat_a_i[7]
                            (input port clocked by adc_clk  {rise@0.000ns fall@4.000ns period=8.000ns})
  Destination:            adc_dat_a_reg[5]/D
                            (rising edge-triggered cell FDRE clocked by pll_adc_clk  {rise@0.000ns fall@4.000ns period=8.000ns})
  Path Group:             pll_adc_clk
  Path Type:              Setup (Max at Fast Process Corner)
  Requirement:            8.000ns  (pll_adc_clk rise@8.000ns - adc_clk rise@0.000ns)
  Data Path Delay:        0.488ns  (logic 0.488ns (100.000%)  route 0.000ns (0.000%))
  Logic Levels:           1  (IBUF=1)
  Input Delay:            3.400ns
  Clock Path Skew:        1.995ns (DCD - SCD + CPR)
    Destination Clock Delay (DCD):    1.995ns = ( 9.995 - 8.000 ) 
    Source Clock Delay      (SCD):    0.000ns
    Clock Pessimism Removal (CPR):    0.000ns
  Clock Uncertainty:      0.166ns  ((TSJ^2 + DJ^2)^1/2) / 2 + PE
    Total System Jitter     (TSJ):    0.071ns
    Discrete Jitter          (DJ):    0.118ns
    Phase Error              (PE):    0.097ns

    Location             Delay type                Incr(ns)  Path(ns)    Netlist Resource(s)
  -------------------------------------------------------------------    -------------------
                         (clock adc_clk rise edge)    0.000     0.000 r  
                         input delay                  3.400     3.400    
    Y14                                               0.000     3.400 r  adc_dat_a_i[7] (IN)
                         net (fo=0)                   0.000     3.400    adc_dat_a_i[7]
    Y14                  IBUF (Prop_ibuf_I_O)         0.488     3.888 r  adc_dat_a_i_IBUF[7]_inst/O
                         net (fo=1, routed)           0.000     3.888    adc_dat_a_i_IBUF[7]
    ILOGIC_X0Y33         FDRE                                         r  adc_dat_a_reg[5]/D
  -------------------------------------------------------------------    -------------------

                         (clock pll_adc_clk rise edge)
                                                      8.000     8.000 r  
    U18                                               0.000     8.000 r  adc_clk_p_i (IN)
                         net (fo=0)                   0.000     8.000    adc_clk_p_i
    U18                  IBUFDS (Prop_ibufds_I_O)     0.401     8.401 r  i_clk/O
                         net (fo=1, routed)           0.440     8.842    pll/clk
    PLLE2_ADV_X0Y0       PLLE2_ADV (Prop_plle2_adv_CLKIN1_CLKOUT0)
                                                      0.051     8.893 r  pll/pll/CLKOUT0
                         net (fo=1, routed)           0.497     9.390    pll_adc_clk
    BUFGCTRL_X0Y0        BUFG (Prop_bufg_I_O)         0.026     9.416 r  bufg_adc_clk/O
                         net (fo=8035, routed)        0.580     9.995    adc_clk
    ILOGIC_X0Y33         FDRE                                         r  adc_dat_a_reg[5]/C
                         clock pessimism              0.000     9.995    
                         clock uncertainty           -0.166     9.829    
    ILOGIC_X0Y33         FDRE (Setup_fdre_C_D)       -0.002     9.827    adc_dat_a_reg[5]
  -------------------------------------------------------------------
                         required time                          9.827    
                         arrival time                          -3.888    
  -------------------------------------------------------------------
                         slack                                  5.939    





Min Delay Paths
--------------------------------------------------------------------------------------
Slack (VIOLATED) :        -2.162ns  (arrival time - required time)
  Source:                 adc_dat_b_i[3]
                            (input port clocked by adc_clk  {rise@0.000ns fall@4.000ns period=8.000ns})
  Destination:            adc_dat_b_reg[1]/D
                            (rising edge-triggered cell FDRE clocked by pll_adc_clk  {rise@0.000ns fall@4.000ns period=8.000ns})
  Path Group:             pll_adc_clk
  Path Type:              Hold (Min at Slow Process Corner)
  Requirement:            0.000ns  (pll_adc_clk rise@0.000ns - adc_clk rise@0.000ns)
  Data Path Delay:        0.805ns  (logic 0.805ns (100.000%)  route 0.000ns (0.000%))
  Logic Levels:           1  (IBUF=1)
  Input Delay:            3.400ns
  Clock Path Skew:        6.011ns (DCD - SCD - CPR)
    Destination Clock Delay (DCD):    6.011ns
    Source Clock Delay      (SCD):    0.000ns
    Clock Pessimism Removal (CPR):    -0.000ns
  Clock Uncertainty:      0.166ns  ((TSJ^2 + DJ^2)^1/2) / 2 + PE
    Total System Jitter     (TSJ):    0.071ns
    Discrete Jitter          (DJ):    0.118ns
    Phase Error              (PE):    0.097ns

    Location             Delay type                Incr(ns)  Path(ns)    Netlist Resource(s)
  -------------------------------------------------------------------    -------------------
                         (clock adc_clk rise edge)    0.000     0.000 r  
                         input delay                  3.400     3.400    
    P16                                               0.000     3.400 r  adc_dat_b_i[3] (IN)
                         net (fo=0)                   0.000     3.400    adc_dat_b_i[3]
    P16                  IBUF (Prop_ibuf_I_O)         0.805     4.205 r  adc_dat_b_i_IBUF[3]_inst/O
                         net (fo=1, routed)           0.000     4.205    adc_dat_b_i_IBUF[3]
    ILOGIC_X0Y1          FDRE                                         r  adc_dat_b_reg[1]/D
  -------------------------------------------------------------------    -------------------

                         (clock pll_adc_clk rise edge)
                                                      0.000     0.000 r  
    U18                                               0.000     0.000 r  adc_clk_p_i (IN)
                         net (fo=0)                   0.000     0.000    adc_clk_p_i
    U18                  IBUFDS (Prop_ibufds_I_O)     0.983     0.983 r  i_clk/O
                         net (fo=1, routed)           1.306     2.289    pll/clk
    PLLE2_ADV_X0Y0       PLLE2_ADV (Prop_plle2_adv_CLKIN1_CLKOUT0)
                                                      0.089     2.378 r  pll/pll/CLKOUT0
                         net (fo=1, routed)           1.754     4.132    pll_adc_clk
    BUFGCTRL_X0Y0        BUFG (Prop_bufg_I_O)         0.101     4.233 r  bufg_adc_clk/O
                         net (fo=8035, routed)        1.777     6.011    adc_clk
    ILOGIC_X0Y1          FDRE                                         r  adc_dat_b_reg[1]/C
                         clock pessimism              0.000     6.011    
                         clock uncertainty            0.166     6.176    
    ILOGIC_X0Y1          FDRE (Hold_fdre_C_D)         0.191     6.367    adc_dat_b_reg[1]
  -------------------------------------------------------------------
                         required time                         -6.367    
                         arrival time                           4.205    
  -------------------------------------------------------------------
                         slack                                 -2.162    





---------------------------------------------------------------------------------------------------
From Clock:  pll_pwm_clk
  To Clock:  pll_adc_clk

Setup :            0  Failing Endpoints,  Worst Slack        0.721ns,  Total Violation        0.000ns
Hold  :            0  Failing Endpoints,  Worst Slack        0.233ns,  Total Violation        0.000ns
---------------------------------------------------------------------------------------------------


Max Delay Paths
--------------------------------------------------------------------------------------
Slack (MET) :             0.721ns  (required time - arrival time)
  Source:                 pwm_gen_inst[0].pwm_inst/pwm_o_reg/C
                            (rising edge-triggered cell FDRE clocked by pll_pwm_clk  {rise@0.000ns fall@2.000ns period=4.000ns})
  Destination:            i_hk/exp_p_dat_o_reg[2]/D
                            (rising edge-triggered cell FDRE clocked by pll_adc_clk  {rise@0.000ns fall@4.000ns period=8.000ns})
  Path Group:             pll_adc_clk
  Path Type:              Setup (Max at Slow Process Corner)
  Requirement:            4.000ns  (pll_adc_clk rise@8.000ns - pll_pwm_clk rise@4.000ns)
  Data Path Delay:        2.773ns  (logic 0.642ns (23.152%)  route 2.131ns (76.848%))
  Logic Levels:           1  (LUT4=1)
  Clock Path Skew:        -0.346ns (DCD - SCD + CPR)
    Destination Clock Delay (DCD):    5.440ns = ( 13.440 - 8.000 ) 
    Source Clock Delay      (SCD):    5.959ns = ( 9.959 - 4.000 ) 
    Clock Pessimism Removal (CPR):    0.173ns
  Clock Uncertainty:      0.189ns  ((TSJ^2 + DJ^2)^1/2) / 2 + PE
    Total System Jitter     (TSJ):    0.071ns
    Discrete Jitter          (DJ):    0.118ns
    Phase Error              (PE):    0.120ns

    Location             Delay type                Incr(ns)  Path(ns)    Netlist Resource(s)
  -------------------------------------------------------------------    -------------------
                         (clock pll_pwm_clk rise edge)
                                                      4.000     4.000 r  
    U18                                               0.000     4.000 r  adc_clk_p_i (IN)
                         net (fo=0)                   0.000     4.000    adc_clk_p_i
    U18                  IBUFDS (Prop_ibufds_I_O)     0.983     4.983 r  i_clk/O
                         net (fo=1, routed)           1.306     6.289    pll/clk
    PLLE2_ADV_X0Y0       PLLE2_ADV (Prop_plle2_adv_CLKIN1_CLKOUT5)
                                                      0.089     6.378 r  pll/pll/CLKOUT5
                         net (fo=1, routed)           1.754     8.132    pll_pwm_clk
    BUFGCTRL_X0Y5        BUFG (Prop_bufg_I_O)         0.101     8.233 r  bufg_pwm_clk/O
                         net (fo=347, routed)         1.726     9.959    pwm_gen_inst[0].pwm_inst/clk
    SLICE_X42Y72         FDRE                                         r  pwm_gen_inst[0].pwm_inst/pwm_o_reg/C
  -------------------------------------------------------------------    -------------------
    SLICE_X42Y72         FDRE (Prop_fdre_C_Q)         0.518    10.477 r  pwm_gen_inst[0].pwm_inst/pwm_o_reg/Q
                         net (fo=2, routed)           2.131    12.608    i_hk/mod_exp_p_dat[2]
    SLICE_X39Y76         LUT4 (Prop_lut4_I3_O)        0.124    12.732 r  i_hk/exp_p_dat_o[2]_i_1/O
                         net (fo=1, routed)           0.000    12.732    i_hk/p_29_out[2]
    SLICE_X39Y76         FDRE                                         r  i_hk/exp_p_dat_o_reg[2]/D
  -------------------------------------------------------------------    -------------------

                         (clock pll_adc_clk rise edge)
                                                      8.000     8.000 r  
    U18                                               0.000     8.000 r  adc_clk_p_i (IN)
                         net (fo=0)                   0.000     8.000    adc_clk_p_i
    U18                  IBUFDS (Prop_ibufds_I_O)     0.940     8.940 r  i_clk/O
                         net (fo=1, routed)           1.181    10.121    pll/clk
    PLLE2_ADV_X0Y0       PLLE2_ADV (Prop_plle2_adv_CLKIN1_CLKOUT0)
                                                      0.084    10.205 r  pll/pll/CLKOUT0
                         net (fo=1, routed)           1.594    11.799    pll_adc_clk
    BUFGCTRL_X0Y0        BUFG (Prop_bufg_I_O)         0.091    11.890 r  bufg_adc_clk/O
                         net (fo=8035, routed)        1.550    13.440    i_hk/clk_i
    SLICE_X39Y76         FDRE                                         r  i_hk/exp_p_dat_o_reg[2]/C
                         clock pessimism              0.173    13.613    
                         clock uncertainty           -0.189    13.424    
    SLICE_X39Y76         FDRE (Setup_fdre_C_D)        0.029    13.453    i_hk/exp_p_dat_o_reg[2]
  -------------------------------------------------------------------
                         required time                         13.453    
                         arrival time                         -12.732    
  -------------------------------------------------------------------
                         slack                                  0.721    





Min Delay Paths
--------------------------------------------------------------------------------------
Slack (MET) :             0.233ns  (arrival time - required time)
  Source:                 pwm_gen_inst[1].pwm_inst/pwm_o_reg/C
                            (rising edge-triggered cell FDRE clocked by pll_pwm_clk  {rise@0.000ns fall@2.000ns period=4.000ns})
  Destination:            i_hk/exp_p_dat_o_reg[3]/D
                            (rising edge-triggered cell FDRE clocked by pll_adc_clk  {rise@0.000ns fall@4.000ns period=8.000ns})
  Path Group:             pll_adc_clk
  Path Type:              Hold (Min at Fast Process Corner)
  Requirement:            0.000ns  (pll_adc_clk rise@0.000ns - pll_pwm_clk rise@0.000ns)
  Data Path Delay:        0.853ns  (logic 0.186ns (21.806%)  route 0.667ns (78.194%))
  Logic Levels:           1  (LUT4=1)
  Clock Path Skew:        0.310ns (DCD - SCD - CPR)
    Destination Clock Delay (DCD):    2.388ns
    Source Clock Delay      (SCD):    2.002ns
    Clock Pessimism Removal (CPR):    0.075ns
  Clock Uncertainty:      0.189ns  ((TSJ^2 + DJ^2)^1/2) / 2 + PE
    Total System Jitter     (TSJ):    0.071ns
    Discrete Jitter          (DJ):    0.118ns
    Phase Error              (PE):    0.120ns

    Location             Delay type                Incr(ns)  Path(ns)    Netlist Resource(s)
  -------------------------------------------------------------------    -------------------
                         (clock pll_pwm_clk rise edge)
                                                      0.000     0.000 r  
    U18                                               0.000     0.000 r  adc_clk_p_i (IN)
                         net (fo=0)                   0.000     0.000    adc_clk_p_i
    U18                  IBUFDS (Prop_ibufds_I_O)     0.401     0.401 r  i_clk/O
                         net (fo=1, routed)           0.440     0.842    pll/clk
    PLLE2_ADV_X0Y0       PLLE2_ADV (Prop_plle2_adv_CLKIN1_CLKOUT5)
                                                      0.051     0.893 r  pll/pll/CLKOUT5
                         net (fo=1, routed)           0.497     1.390    pll_pwm_clk
    BUFGCTRL_X0Y5        BUFG (Prop_bufg_I_O)         0.026     1.416 r  bufg_pwm_clk/O
                         net (fo=347, routed)         0.587     2.002    pwm_gen_inst[1].pwm_inst/clk
    SLICE_X41Y62         FDRE                                         r  pwm_gen_inst[1].pwm_inst/pwm_o_reg/C
  -------------------------------------------------------------------    -------------------
    SLICE_X41Y62         FDRE (Prop_fdre_C_Q)         0.141     2.143 r  pwm_gen_inst[1].pwm_inst/pwm_o_reg/Q
                         net (fo=2, routed)           0.667     2.810    i_hk/mod_exp_p_dat[3]
    SLICE_X42Y77         LUT4 (Prop_lut4_I3_O)        0.045     2.855 r  i_hk/exp_p_dat_o[3]_i_1/O
                         net (fo=1, routed)           0.000     2.855    i_hk/p_29_out[3]
    SLICE_X42Y77         FDRE                                         r  i_hk/exp_p_dat_o_reg[3]/D
  -------------------------------------------------------------------    -------------------

                         (clock pll_adc_clk rise edge)
                                                      0.000     0.000 r  
    U18                                               0.000     0.000 r  adc_clk_p_i (IN)
                         net (fo=0)                   0.000     0.000    adc_clk_p_i
    U18                  IBUFDS (Prop_ibufds_I_O)     0.433     0.433 r  i_clk/O
                         net (fo=1, routed)           0.481     0.914    pll/clk
    PLLE2_ADV_X0Y0       PLLE2_ADV (Prop_plle2_adv_CLKIN1_CLKOUT0)
                                                      0.054     0.968 r  pll/pll/CLKOUT0
                         net (fo=1, routed)           0.544     1.512    pll_adc_clk
    BUFGCTRL_X0Y0        BUFG (Prop_bufg_I_O)         0.029     1.541 r  bufg_adc_clk/O
                         net (fo=8035, routed)        0.847     2.388    i_hk/clk_i
    SLICE_X42Y77         FDRE                                         r  i_hk/exp_p_dat_o_reg[3]/C
                         clock pessimism             -0.075     2.313    
                         clock uncertainty            0.189     2.502    
    SLICE_X42Y77         FDRE (Hold_fdre_C_D)         0.121     2.623    i_hk/exp_p_dat_o_reg[3]
  -------------------------------------------------------------------
                         required time                         -2.623    
                         arrival time                           2.855    
  -------------------------------------------------------------------
                         slack                                  0.233    





---------------------------------------------------------------------------------------------------
From Clock:  pll_adc_clk
  To Clock:  pll_dac_clk_1x

Setup :            0  Failing Endpoints,  Worst Slack        2.164ns,  Total Violation        0.000ns
Hold  :            0  Failing Endpoints,  Worst Slack        0.561ns,  Total Violation        0.000ns
---------------------------------------------------------------------------------------------------


Max Delay Paths
--------------------------------------------------------------------------------------
Slack (MET) :             2.164ns  (required time - arrival time)
  Source:                 i_dsp/sum2_reg[16]/C
                            (rising edge-triggered cell FDRE clocked by pll_adc_clk  {rise@0.000ns fall@4.000ns period=8.000ns})
  Destination:            dac_dat_b_reg[5]/D
                            (rising edge-triggered cell FDRE clocked by pll_dac_clk_1x  {rise@0.000ns fall@4.000ns period=8.000ns})
  Path Group:             pll_dac_clk_1x
  Path Type:              Setup (Max at Slow Process Corner)
  Requirement:            8.000ns  (pll_dac_clk_1x rise@8.000ns - pll_adc_clk rise@0.000ns)
  Data Path Delay:        5.323ns  (logic 0.718ns (13.489%)  route 4.605ns (86.511%))
  Logic Levels:           1  (LUT6=1)
  Clock Path Skew:        -0.277ns (DCD - SCD + CPR)
    Destination Clock Delay (DCD):    5.444ns = ( 13.444 - 8.000 ) 
    Source Clock Delay      (SCD):    5.894ns
    Clock Pessimism Removal (CPR):    0.173ns
  Clock Uncertainty:      0.189ns  ((TSJ^2 + DJ^2)^1/2) / 2 + PE
    Total System Jitter     (TSJ):    0.071ns
    Discrete Jitter          (DJ):    0.118ns
    Phase Error              (PE):    0.120ns

    Location             Delay type                Incr(ns)  Path(ns)    Netlist Resource(s)
  -------------------------------------------------------------------    -------------------
                         (clock pll_adc_clk rise edge)
                                                      0.000     0.000 r  
    U18                                               0.000     0.000 r  adc_clk_p_i (IN)
                         net (fo=0)                   0.000     0.000    adc_clk_p_i
    U18                  IBUFDS (Prop_ibufds_I_O)     0.983     0.983 r  i_clk/O
                         net (fo=1, routed)           1.306     2.289    pll/clk
    PLLE2_ADV_X0Y0       PLLE2_ADV (Prop_plle2_adv_CLKIN1_CLKOUT0)
                                                      0.089     2.378 r  pll/pll/CLKOUT0
                         net (fo=1, routed)           1.754     4.132    pll_adc_clk
    BUFGCTRL_X0Y0        BUFG (Prop_bufg_I_O)         0.101     4.233 r  bufg_adc_clk/O
                         net (fo=8035, routed)        1.661     5.894    i_dsp/clk_i
    SLICE_X21Y57         FDRE                                         r  i_dsp/sum2_reg[16]/C
  -------------------------------------------------------------------    -------------------
    SLICE_X21Y57         FDRE (Prop_fdre_C_Q)         0.419     6.313 f  i_dsp/sum2_reg[16]/Q
                         net (fo=14, routed)          1.928     8.241    i_dsp/dac_saturate[1]/input_i[16]
    SLICE_X32Y44         LUT6 (Prop_lut6_I3_O)        0.299     8.540 r  i_dsp/dac_saturate[1]/output_o[5]_INST_0/O
                         net (fo=12, routed)          2.677    11.217    dac_dat_b[5]_i_1_n_0
    SLICE_X43Y78         FDRE                                         r  dac_dat_b_reg[5]/D
  -------------------------------------------------------------------    -------------------

                         (clock pll_dac_clk_1x rise edge)
                                                      8.000     8.000 r  
    U18                                               0.000     8.000 r  adc_clk_p_i (IN)
                         net (fo=0)                   0.000     8.000    adc_clk_p_i
    U18                  IBUFDS (Prop_ibufds_I_O)     0.940     8.940 r  i_clk/O
                         net (fo=1, routed)           1.181    10.121    pll/clk
    PLLE2_ADV_X0Y0       PLLE2_ADV (Prop_plle2_adv_CLKIN1_CLKOUT1)
                                                      0.084    10.205 r  pll/pll/CLKOUT1
                         net (fo=1, routed)           1.594    11.799    pll_dac_clk_1x
    BUFGCTRL_X0Y2        BUFG (Prop_bufg_I_O)         0.091    11.890 r  bufg_dac_clk_1x/O
                         net (fo=45, routed)          1.554    13.444    dac_clk_1x
    SLICE_X43Y78         FDRE                                         r  dac_dat_b_reg[5]/C
                         clock pessimism              0.173    13.617    
                         clock uncertainty           -0.189    13.428    
    SLICE_X43Y78         FDRE (Setup_fdre_C_D)       -0.047    13.381    dac_dat_b_reg[5]
  -------------------------------------------------------------------
                         required time                         13.381    
                         arrival time                         -11.217    
  -------------------------------------------------------------------
                         slack                                  2.164    





Min Delay Paths
--------------------------------------------------------------------------------------
Slack (MET) :             0.561ns  (arrival time - required time)
  Source:                 i_dsp/sum2_reg[9]/C
                            (rising edge-triggered cell FDRE clocked by pll_adc_clk  {rise@0.000ns fall@4.000ns period=8.000ns})
  Destination:            dac_dat_b_reg[9]/D
                            (rising edge-triggered cell FDRE clocked by pll_dac_clk_1x  {rise@0.000ns fall@4.000ns period=8.000ns})
  Path Group:             pll_dac_clk_1x
  Path Type:              Hold (Min at Fast Process Corner)
  Requirement:            0.000ns  (pll_dac_clk_1x rise@0.000ns - pll_adc_clk rise@0.000ns)
  Data Path Delay:        1.177ns  (logic 0.186ns (15.803%)  route 0.991ns (84.197%))
  Logic Levels:           1  (LUT6=1)
  Clock Path Skew:        0.349ns (DCD - SCD - CPR)
    Destination Clock Delay (DCD):    2.397ns
    Source Clock Delay      (SCD):    1.972ns
    Clock Pessimism Removal (CPR):    0.075ns
  Clock Uncertainty:      0.189ns  ((TSJ^2 + DJ^2)^1/2) / 2 + PE
    Total System Jitter     (TSJ):    0.071ns
    Discrete Jitter          (DJ):    0.118ns
    Phase Error              (PE):    0.120ns

    Location             Delay type                Incr(ns)  Path(ns)    Netlist Resource(s)
  -------------------------------------------------------------------    -------------------
                         (clock pll_adc_clk rise edge)
                                                      0.000     0.000 r  
    U18                                               0.000     0.000 r  adc_clk_p_i (IN)
                         net (fo=0)                   0.000     0.000    adc_clk_p_i
    U18                  IBUFDS (Prop_ibufds_I_O)     0.401     0.401 r  i_clk/O
                         net (fo=1, routed)           0.440     0.842    pll/clk
    PLLE2_ADV_X0Y0       PLLE2_ADV (Prop_plle2_adv_CLKIN1_CLKOUT0)
                                                      0.051     0.893 r  pll/pll/CLKOUT0
                         net (fo=1, routed)           0.497     1.390    pll_adc_clk
    BUFGCTRL_X0Y0        BUFG (Prop_bufg_I_O)         0.026     1.416 r  bufg_adc_clk/O
                         net (fo=8035, routed)        0.557     1.972    i_dsp/clk_i
    SLICE_X23Y57         FDRE                                         r  i_dsp/sum2_reg[9]/C
  -------------------------------------------------------------------    -------------------
    SLICE_X23Y57         FDRE (Prop_fdre_C_Q)         0.141     2.113 f  i_dsp/sum2_reg[9]/Q
                         net (fo=1, routed)           0.220     2.333    i_dsp/dac_saturate[1]/input_i[9]
    SLICE_X23Y57         LUT6 (Prop_lut6_I0_O)        0.045     2.378 r  i_dsp/dac_saturate[1]/output_o[9]_INST_0/O
                         net (fo=12, routed)          0.771     3.149    dac_dat_b[9]_i_1_n_0
    SLICE_X43Y62         FDRE                                         r  dac_dat_b_reg[9]/D
  -------------------------------------------------------------------    -------------------

                         (clock pll_dac_clk_1x rise edge)
                                                      0.000     0.000 r  
    U18                                               0.000     0.000 r  adc_clk_p_i (IN)
                         net (fo=0)                   0.000     0.000    adc_clk_p_i
    U18                  IBUFDS (Prop_ibufds_I_O)     0.433     0.433 r  i_clk/O
                         net (fo=1, routed)           0.481     0.914    pll/clk
    PLLE2_ADV_X0Y0       PLLE2_ADV (Prop_plle2_adv_CLKIN1_CLKOUT1)
                                                      0.054     0.968 r  pll/pll/CLKOUT1
                         net (fo=1, routed)           0.544     1.512    pll_dac_clk_1x
    BUFGCTRL_X0Y2        BUFG (Prop_bufg_I_O)         0.029     1.541 r  bufg_dac_clk_1x/O
                         net (fo=45, routed)          0.856     2.397    dac_clk_1x
    SLICE_X43Y62         FDRE                                         r  dac_dat_b_reg[9]/C
                         clock pessimism             -0.075     2.322    
                         clock uncertainty            0.189     2.511    
    SLICE_X43Y62         FDRE (Hold_fdre_C_D)         0.078     2.589    dac_dat_b_reg[9]
  -------------------------------------------------------------------
                         required time                         -2.589    
                         arrival time                           3.149    
  -------------------------------------------------------------------
                         slack                                  0.561    





---------------------------------------------------------------------------------------------------
From Clock:  pll_adc_clk
  To Clock:  pll_pwm_clk

Setup :          139  Failing Endpoints,  Worst Slack       -2.885ns,  Total Violation     -334.982ns
Hold  :            0  Failing Endpoints,  Worst Slack        0.156ns,  Total Violation        0.000ns
---------------------------------------------------------------------------------------------------


Max Delay Paths
--------------------------------------------------------------------------------------
Slack (VIOLATED) :        -2.885ns  (required time - arrival time)
  Source:                 i_ams/pwm_freq_div_o3_reg[6]/C
                            (rising edge-triggered cell FDRE clocked by pll_adc_clk  {rise@0.000ns fall@4.000ns period=8.000ns})
  Destination:            pwm_gen_inst[3].pwm_inst/div_counter_reg[12]/R
                            (rising edge-triggered cell FDRE clocked by pll_pwm_clk  {rise@0.000ns fall@2.000ns period=4.000ns})
  Path Group:             pll_pwm_clk
  Path Type:              Setup (Max at Slow Process Corner)
  Requirement:            4.000ns  (pll_pwm_clk rise@4.000ns - pll_adc_clk rise@0.000ns)
  Data Path Delay:        5.824ns  (logic 2.959ns (50.810%)  route 2.865ns (49.190%))
  Logic Levels:           10  (CARRY4=7 LUT1=1 LUT2=1 LUT4=1)
  Clock Path Skew:        -0.348ns (DCD - SCD + CPR)
    Destination Clock Delay (DCD):    5.448ns = ( 9.448 - 4.000 ) 
    Source Clock Delay      (SCD):    5.969ns
    Clock Pessimism Removal (CPR):    0.173ns
  Clock Uncertainty:      0.189ns  ((TSJ^2 + DJ^2)^1/2) / 2 + PE
    Total System Jitter     (TSJ):    0.071ns
    Discrete Jitter          (DJ):    0.118ns
    Phase Error              (PE):    0.120ns

    Location             Delay type                Incr(ns)  Path(ns)    Netlist Resource(s)
  -------------------------------------------------------------------    -------------------
                         (clock pll_adc_clk rise edge)
                                                      0.000     0.000 r  
    U18                                               0.000     0.000 r  adc_clk_p_i (IN)
                         net (fo=0)                   0.000     0.000    adc_clk_p_i
    U18                  IBUFDS (Prop_ibufds_I_O)     0.983     0.983 r  i_clk/O
                         net (fo=1, routed)           1.306     2.289    pll/clk
    PLLE2_ADV_X0Y0       PLLE2_ADV (Prop_plle2_adv_CLKIN1_CLKOUT0)
                                                      0.089     2.378 r  pll/pll/CLKOUT0
                         net (fo=1, routed)           1.754     4.132    pll_adc_clk
    BUFGCTRL_X0Y0        BUFG (Prop_bufg_I_O)         0.101     4.233 r  bufg_adc_clk/O
                         net (fo=8035, routed)        1.736     5.969    i_ams/clk_i
    SLICE_X38Y64         FDRE                                         r  i_ams/pwm_freq_div_o3_reg[6]/C
  -------------------------------------------------------------------    -------------------
    SLICE_X38Y64         FDRE (Prop_fdre_C_Q)         0.518     6.487 f  i_ams/pwm_freq_div_o3_reg[6]/Q
                         net (fo=3, routed)           0.600     7.087    pwm_gen_inst[3].pwm_inst/freq_div[6]
    SLICE_X36Y65         LUT1 (Prop_lut1_I0_O)        0.124     7.211 r  pwm_gen_inst[3].pwm_inst/div_counter[0]_i_73/O
                         net (fo=1, routed)           0.000     7.211    pwm_gen_inst[3].pwm_inst/div_counter[0]_i_73_n_0
    SLICE_X36Y65         CARRY4 (Prop_carry4_S[1]_CO[3])
                                                      0.550     7.761 r  pwm_gen_inst[3].pwm_inst/div_counter_reg[0]_i_57/CO[3]
                         net (fo=1, routed)           0.000     7.761    pwm_gen_inst[3].pwm_inst/div_counter_reg[0]_i_57_n_0
    SLICE_X36Y66         CARRY4 (Prop_carry4_CI_CO[3])
                                                      0.114     7.875 r  pwm_gen_inst[3].pwm_inst/div_counter_reg[0]_i_56/CO[3]
                         net (fo=1, routed)           0.000     7.875    pwm_gen_inst[3].pwm_inst/div_counter_reg[0]_i_56_n_0
    SLICE_X36Y67         CARRY4 (Prop_carry4_CI_CO[3])
                                                      0.114     7.989 r  pwm_gen_inst[3].pwm_inst/div_counter_reg[0]_i_36/CO[3]
                         net (fo=1, routed)           0.000     7.989    pwm_gen_inst[3].pwm_inst/div_counter_reg[0]_i_36_n_0
    SLICE_X36Y68         CARRY4 (Prop_carry4_CI_CO[3])
                                                      0.114     8.103 r  pwm_gen_inst[3].pwm_inst/div_counter_reg[0]_i_35/CO[3]
                         net (fo=1, routed)           0.000     8.103    pwm_gen_inst[3].pwm_inst/div_counter_reg[0]_i_35_n_0
    SLICE_X36Y69         CARRY4 (Prop_carry4_CI_CO[3])
                                                      0.114     8.217 r  pwm_gen_inst[3].pwm_inst/div_counter_reg[0]_i_25/CO[3]
                         net (fo=1, routed)           0.000     8.217    pwm_gen_inst[3].pwm_inst/div_counter_reg[0]_i_25_n_0
    SLICE_X36Y70         CARRY4 (Prop_carry4_CI_O[1])
                                                      0.334     8.551 r  pwm_gen_inst[3].pwm_inst/div_counter_reg[0]_i_24/O[1]
                         net (fo=2, routed)           0.723     9.274    pwm_gen_inst[3].pwm_inst/div_counter1[26]
    SLICE_X37Y68         LUT4 (Prop_lut4_I2_O)        0.303     9.577 r  pwm_gen_inst[3].pwm_inst/div_counter[0]_i_12/O
                         net (fo=1, routed)           0.000     9.577    pwm_gen_inst[3].pwm_inst/div_counter[0]_i_12_n_0
    SLICE_X37Y68         CARRY4 (Prop_carry4_S[1]_CO[3])
                                                      0.550    10.127 r  pwm_gen_inst[3].pwm_inst/div_counter_reg[0]_i_3/CO[3]
                         net (fo=2, routed)           0.868    10.995    pwm_gen_inst[3].pwm_inst/div_counter_reg[0]_i_3_n_0
    SLICE_X37Y69         LUT2 (Prop_lut2_I0_O)        0.124    11.119 r  pwm_gen_inst[3].pwm_inst/div_counter[0]_i_1/O
                         net (fo=32, routed)          0.674    11.793    pwm_gen_inst[3].pwm_inst/div_counter[0]_i_1_n_0
    SLICE_X38Y66         FDRE                                         r  pwm_gen_inst[3].pwm_inst/div_counter_reg[12]/R
  -------------------------------------------------------------------    -------------------

                         (clock pll_pwm_clk rise edge)
                                                      4.000     4.000 r  
    U18                                               0.000     4.000 r  adc_clk_p_i (IN)
                         net (fo=0)                   0.000     4.000    adc_clk_p_i
    U18                  IBUFDS (Prop_ibufds_I_O)     0.940     4.940 r  i_clk/O
                         net (fo=1, routed)           1.181     6.121    pll/clk
    PLLE2_ADV_X0Y0       PLLE2_ADV (Prop_plle2_adv_CLKIN1_CLKOUT5)
                                                      0.084     6.205 r  pll/pll/CLKOUT5
                         net (fo=1, routed)           1.594     7.799    pll_pwm_clk
    BUFGCTRL_X0Y5        BUFG (Prop_bufg_I_O)         0.091     7.890 r  bufg_pwm_clk/O
                         net (fo=347, routed)         1.558     9.448    pwm_gen_inst[3].pwm_inst/clk
    SLICE_X38Y66         FDRE                                         r  pwm_gen_inst[3].pwm_inst/div_counter_reg[12]/C
                         clock pessimism              0.173     9.621    
                         clock uncertainty           -0.189     9.432    
    SLICE_X38Y66         FDRE (Setup_fdre_C_R)       -0.524     8.908    pwm_gen_inst[3].pwm_inst/div_counter_reg[12]
  -------------------------------------------------------------------
                         required time                          8.908    
                         arrival time                         -11.793    
  -------------------------------------------------------------------
                         slack                                 -2.885    





Min Delay Paths
--------------------------------------------------------------------------------------
Slack (MET) :             0.156ns  (arrival time - required time)
  Source:                 i_ams/dac_d_o_reg[10]/C
                            (rising edge-triggered cell FDRE clocked by pll_adc_clk  {rise@0.000ns fall@4.000ns period=8.000ns})
  Destination:            pwm_gen_inst[3].pwm_inst/b_reg[10]/D
                            (rising edge-triggered cell FDRE clocked by pll_pwm_clk  {rise@0.000ns fall@2.000ns period=4.000ns})
  Path Group:             pll_pwm_clk
  Path Type:              Hold (Min at Fast Process Corner)
  Requirement:            0.000ns  (pll_pwm_clk rise@0.000ns - pll_adc_clk rise@0.000ns)
  Data Path Delay:        0.786ns  (logic 0.186ns (23.676%)  route 0.600ns (76.324%))
  Logic Levels:           1  (LUT6=1)
  Clock Path Skew:        0.320ns (DCD - SCD - CPR)
    Destination Clock Delay (DCD):    2.395ns
    Source Clock Delay      (SCD):    1.999ns
    Clock Pessimism Removal (CPR):    0.075ns
  Clock Uncertainty:      0.189ns  ((TSJ^2 + DJ^2)^1/2) / 2 + PE
    Total System Jitter     (TSJ):    0.071ns
    Discrete Jitter          (DJ):    0.118ns
    Phase Error              (PE):    0.120ns

    Location             Delay type                Incr(ns)  Path(ns)    Netlist Resource(s)
  -------------------------------------------------------------------    -------------------
                         (clock pll_adc_clk rise edge)
                                                      0.000     0.000 r  
    U18                                               0.000     0.000 r  adc_clk_p_i (IN)
                         net (fo=0)                   0.000     0.000    adc_clk_p_i
    U18                  IBUFDS (Prop_ibufds_I_O)     0.401     0.401 r  i_clk/O
                         net (fo=1, routed)           0.440     0.842    pll/clk
    PLLE2_ADV_X0Y0       PLLE2_ADV (Prop_plle2_adv_CLKIN1_CLKOUT0)
                                                      0.051     0.893 r  pll/pll/CLKOUT0
                         net (fo=1, routed)           0.497     1.390    pll_adc_clk
    BUFGCTRL_X0Y0        BUFG (Prop_bufg_I_O)         0.026     1.416 r  bufg_adc_clk/O
                         net (fo=8035, routed)        0.584     1.999    i_ams/clk_i
    SLICE_X36Y65         FDRE                                         r  i_ams/dac_d_o_reg[10]/C
  -------------------------------------------------------------------    -------------------
    SLICE_X36Y65         FDRE (Prop_fdre_C_Q)         0.141     2.140 r  i_ams/dac_d_o_reg[10]/Q
                         net (fo=2, routed)           0.600     2.740    pwm_gen_inst[3].pwm_inst/cfg[10]
    SLICE_X42Y65         LUT6 (Prop_lut6_I5_O)        0.045     2.785 r  pwm_gen_inst[3].pwm_inst/b[10]_i_1/O
                         net (fo=1, routed)           0.000     2.785    pwm_gen_inst[3].pwm_inst/p_0_in[10]
    SLICE_X42Y65         FDRE                                         r  pwm_gen_inst[3].pwm_inst/b_reg[10]/D
  -------------------------------------------------------------------    -------------------

                         (clock pll_pwm_clk rise edge)
                                                      0.000     0.000 r  
    U18                                               0.000     0.000 r  adc_clk_p_i (IN)
                         net (fo=0)                   0.000     0.000    adc_clk_p_i
    U18                  IBUFDS (Prop_ibufds_I_O)     0.433     0.433 r  i_clk/O
                         net (fo=1, routed)           0.481     0.914    pll/clk
    PLLE2_ADV_X0Y0       PLLE2_ADV (Prop_plle2_adv_CLKIN1_CLKOUT5)
                                                      0.054     0.968 r  pll/pll/CLKOUT5
                         net (fo=1, routed)           0.544     1.512    pll_pwm_clk
    BUFGCTRL_X0Y5        BUFG (Prop_bufg_I_O)         0.029     1.541 r  bufg_pwm_clk/O
                         net (fo=347, routed)         0.854     2.395    pwm_gen_inst[3].pwm_inst/clk
    SLICE_X42Y65         FDRE                                         r  pwm_gen_inst[3].pwm_inst/b_reg[10]/C
                         clock pessimism             -0.075     2.320    
                         clock uncertainty            0.189     2.509    
    SLICE_X42Y65         FDRE (Hold_fdre_C_D)         0.120     2.629    pwm_gen_inst[3].pwm_inst/b_reg[10]
  -------------------------------------------------------------------
                         required time                         -2.629    
                         arrival time                           2.785    
  -------------------------------------------------------------------
                         slack                                  0.156    





